/* FAKULTAS */
INSERT INTO fakultas (id, kode_fakultas, nama_fakultas) VALUES (1, 'FKT001', 'Fakultas Kedokteran');
INSERT INTO fakultas (id, kode_fakultas, nama_fakultas) VALUES (2, 'FKT002', 'Fakultas Kedokteran Gigi');
INSERT INTO fakultas (id, kode_fakultas, nama_fakultas) VALUES (3, 'FKT003', 'Fakultas Kesehatan Masyarakat');
INSERT INTO fakultas (id, kode_fakultas, nama_fakultas) VALUES (4, 'FKT004', 'Fakultas Ilmu Keperawatan');
INSERT INTO fakultas (id, kode_fakultas, nama_fakultas) VALUES (5, 'FKT005', 'Fakultas Farmasi');
INSERT INTO fakultas (id, kode_fakultas, nama_fakultas) VALUES (6, 'FKT006', 'Fakultas Matematika & Ilmu Pengetahuan Alam');
INSERT INTO fakultas (id, kode_fakultas, nama_fakultas) VALUES (7, 'FKT007', 'Fakultas Teknik');
INSERT INTO fakultas (id, kode_fakultas, nama_fakultas) VALUES (8, 'FKT008', 'Fakultas Ilmu Komputer');
INSERT INTO fakultas (id, kode_fakultas, nama_fakultas) VALUES (9, 'FKT009', 'Fakultas Hukum');
INSERT INTO fakultas (id, kode_fakultas, nama_fakultas) VALUES (10, 'FKT010', 'Fakultas Ekonomi & Bisnis');
INSERT INTO fakultas (id, kode_fakultas, nama_fakultas) VALUES (11, 'FKT011', 'Fakultas Ilmu Pengetahuan Budaya');
INSERT INTO fakultas (id, kode_fakultas, nama_fakultas) VALUES (12, 'FKT012', 'Fakultas Psikologi');
INSERT INTO fakultas (id, kode_fakultas, nama_fakultas) VALUES (13, 'FKT013', 'Fakultas Ilmu Sosial & Ilmu Politik');
INSERT INTO fakultas (id, kode_fakultas, nama_fakultas) VALUES (14, 'FKT014', 'Fakultas Ilmu Administrasi');

/* PRODI */
INSERT INTO prodi (id, id_fakultas, kode_prodi, nama_prodi) VALUES (1, 1, 'PRD001', 'Kedokteran');
INSERT INTO prodi (id, id_fakultas, kode_prodi, nama_prodi) VALUES (2, 2, 'PRD002', 'Kedokteran Gigi');
INSERT INTO prodi (id, id_fakultas, kode_prodi, nama_prodi) VALUES (3, 3, 'PRD003', 'Kesehatan Masyarakat');
INSERT INTO prodi (id, id_fakultas, kode_prodi, nama_prodi) VALUES (4, 3, 'PRD004', 'Gizi');
INSERT INTO prodi (id, id_fakultas, kode_prodi, nama_prodi) VALUES (5, 3, 'PRD005', 'Kesehatan Lingkungan');
INSERT INTO prodi (id, id_fakultas, kode_prodi, nama_prodi) VALUES (6, 3, 'PRD006', 'Kesehatan dan Keselamatan Kerja');
INSERT INTO prodi (id, id_fakultas, kode_prodi, nama_prodi) VALUES (7, 4, 'PRD007', 'Ilmu Keperawatan');
INSERT INTO prodi (id, id_fakultas, kode_prodi, nama_prodi) VALUES (8, 5, 'PRD008', 'Farmasi');
INSERT INTO prodi (id, id_fakultas, kode_prodi, nama_prodi) VALUES (9, 6, 'PRD009', 'Matematika');
INSERT INTO prodi (id, id_fakultas, kode_prodi, nama_prodi) VALUES (10, 6, 'PRD010', 'Fisika');
INSERT INTO prodi (id, id_fakultas, kode_prodi, nama_prodi) VALUES (11, 6, 'PRD011', 'Biologi');
INSERT INTO prodi (id, id_fakultas, kode_prodi, nama_prodi) VALUES (12, 6, 'PRD012', 'Kimia');
INSERT INTO prodi (id, id_fakultas, kode_prodi, nama_prodi) VALUES (13, 6, 'PRD013', 'Geografi');
INSERT INTO prodi (id, id_fakultas, kode_prodi, nama_prodi) VALUES (14, 7, 'PRD014', 'Teknik Elektro');
INSERT INTO prodi (id, id_fakultas, kode_prodi, nama_prodi) VALUES (15, 7, 'PRD015', 'Teknik Mesin');
INSERT INTO prodi (id, id_fakultas, kode_prodi, nama_prodi) VALUES (16, 7, 'PRD016', 'Teknik Sipil');
INSERT INTO prodi (id, id_fakultas, kode_prodi, nama_prodi) VALUES (17, 7, 'PRD017', 'Ilmu Arsitektur');
INSERT INTO prodi (id, id_fakultas, kode_prodi, nama_prodi) VALUES (18, 7, 'PRD018', 'Teknik Kimia');
INSERT INTO prodi (id, id_fakultas, kode_prodi, nama_prodi) VALUES (19, 7, 'PRD019', 'Teknik Industri');
INSERT INTO prodi (id, id_fakultas, kode_prodi, nama_prodi) VALUES (20, 7, 'PRD020', 'Teknik Metalurgi dan Material');
INSERT INTO prodi (id, id_fakultas, kode_prodi, nama_prodi) VALUES (21, 7, 'PRD021', 'Teknik Perkapalan');
INSERT INTO prodi (id, id_fakultas, kode_prodi, nama_prodi) VALUES (22, 7, 'PRD022', 'Teknik Komputer');
INSERT INTO prodi (id, id_fakultas, kode_prodi, nama_prodi) VALUES (23, 7, 'PRD023', 'Arsitektur Interior');
INSERT INTO prodi (id, id_fakultas, kode_prodi, nama_prodi) VALUES (24, 7, 'PRD024', 'Teknik Bioproses');
INSERT INTO prodi (id, id_fakultas, kode_prodi, nama_prodi) VALUES (25, 7, 'PRD025', 'Teknik Lingkungan');
INSERT INTO prodi (id, id_fakultas, kode_prodi, nama_prodi) VALUES (26, 8, 'PRD026', 'Ilmu Komputer');
INSERT INTO prodi (id, id_fakultas, kode_prodi, nama_prodi) VALUES (27, 8, 'PRD027', 'Sistem Informasi');
INSERT INTO prodi (id, id_fakultas, kode_prodi, nama_prodi) VALUES (28, 9, 'PRD028', 'Hukum');
INSERT INTO prodi (id, id_fakultas, kode_prodi, nama_prodi) VALUES (29, 10, 'PRD029', 'Ilmu Ekonomi');
INSERT INTO prodi (id, id_fakultas, kode_prodi, nama_prodi) VALUES (30, 10, 'PRD030', 'Ilmu Managemen');
INSERT INTO prodi (id, id_fakultas, kode_prodi, nama_prodi) VALUES (31, 10, 'PRD031', 'Ilmu Akuntansi');
INSERT INTO prodi (id, id_fakultas, kode_prodi, nama_prodi) VALUES (32, 10, 'PRD032', 'Ilmu Ekonomi Islam');
INSERT INTO prodi (id, id_fakultas, kode_prodi, nama_prodi) VALUES (33, 10, 'PRD033', 'Bisnis Islam');
INSERT INTO prodi (id, id_fakultas, kode_prodi, nama_prodi) VALUES (34, 11, 'PRD034', 'Ilmu Perpustakaan');
INSERT INTO prodi (id, id_fakultas, kode_prodi, nama_prodi) VALUES (35, 11, 'PRD035', 'Filsafat');
INSERT INTO prodi (id, id_fakultas, kode_prodi, nama_prodi) VALUES (36, 11, 'PRD036', 'Ilmu Bahasa dan Budaya Indonesia');
INSERT INTO prodi (id, id_fakultas, kode_prodi, nama_prodi) VALUES (37, 11, 'PRD037', 'Ilmu Bahasa dan Budaya Arab');
INSERT INTO prodi (id, id_fakultas, kode_prodi, nama_prodi) VALUES (38, 11, 'PRD038', 'Ilmu Bahasa dan Budaya Inggris');
INSERT INTO prodi (id, id_fakultas, kode_prodi, nama_prodi) VALUES (39, 11, 'PRD039', 'Ilmu Bahasa dan Budaya Jepang');
INSERT INTO prodi (id, id_fakultas, kode_prodi, nama_prodi) VALUES (40, 11, 'PRD040', 'Ilmu Bahasa dan Budaya Perancis');
INSERT INTO prodi (id, id_fakultas, kode_prodi, nama_prodi) VALUES (41, 11, 'PRD041', 'Ilmu Bahasa dan Budaya Jerman');
INSERT INTO prodi (id, id_fakultas, kode_prodi, nama_prodi) VALUES (42, 11, 'PRD042', 'Ilmu Bahasa dan Budaya Rusia');
INSERT INTO prodi (id, id_fakultas, kode_prodi, nama_prodi) VALUES (43, 11, 'PRD043', 'Ilmu Bahasa dan Budaya Belanda');
INSERT INTO prodi (id, id_fakultas, kode_prodi, nama_prodi) VALUES (44, 11, 'PRD044', 'Ilmu Bahasa dan Budaya Cina');
INSERT INTO prodi (id, id_fakultas, kode_prodi, nama_prodi) VALUES (45, 11, 'PRD045', 'Ilmu Bahasa dan Budaya Korea');
INSERT INTO prodi (id, id_fakultas, kode_prodi, nama_prodi) VALUES (46, 11, 'PRD046', 'Ilmu Bahasa dan Budaya Jawa');
INSERT INTO prodi (id, id_fakultas, kode_prodi, nama_prodi) VALUES (47, 11, 'PRD047', 'Sejarah');
INSERT INTO prodi (id, id_fakultas, kode_prodi, nama_prodi) VALUES (48, 11, 'PRD048', 'Arkeologi');
INSERT INTO prodi (id, id_fakultas, kode_prodi, nama_prodi) VALUES (49, 12, 'PRD049', 'Psikologi');
INSERT INTO prodi (id, id_fakultas, kode_prodi, nama_prodi) VALUES (50, 13, 'PRD050', 'Ilmu Komunikasi');
INSERT INTO prodi (id, id_fakultas, kode_prodi, nama_prodi) VALUES (51, 13, 'PRD051', 'Sosiologi');
INSERT INTO prodi (id, id_fakultas, kode_prodi, nama_prodi) VALUES (52, 13, 'PRD052', 'Kriminologi');
INSERT INTO prodi (id, id_fakultas, kode_prodi, nama_prodi) VALUES (53, 13, 'PRD053', 'Ilmu Politik');
INSERT INTO prodi (id, id_fakultas, kode_prodi, nama_prodi) VALUES (54, 13, 'PRD054', 'Ilmu Hubungan Internasional');
INSERT INTO prodi (id, id_fakultas, kode_prodi, nama_prodi) VALUES (55, 13, 'PRD055', 'Ilmu Kesejahteraan Sosial');
INSERT INTO prodi (id, id_fakultas, kode_prodi, nama_prodi) VALUES (56, 13, 'PRD056', 'Antropologi Sosial');
INSERT INTO prodi (id, id_fakultas, kode_prodi, nama_prodi) VALUES (57, 14, 'PRD057', 'Ilmu Administrasi Negara');
INSERT INTO prodi (id, id_fakultas, kode_prodi, nama_prodi) VALUES (58, 14, 'PRD058', 'Ilmu Administrasi Niaga');
INSERT INTO prodi (id, id_fakultas, kode_prodi, nama_prodi) VALUES (59, 14, 'PRD059', 'Ilmu Administrasi Fiskal');

/* KURIKULUM */
INSERT INTO kurikulum (id, kode_kurikulum, nama_kurikulum, jumlah_sks_wajib, jumlah_sks_pilihan, id_prodi, id_fakultas) VALUES (1, 'KRK001', 'Kurikulum S1 Program Studi A1X', 118, 26, 1, 1);
INSERT INTO kurikulum (id, kode_kurikulum, nama_kurikulum, jumlah_sks_wajib, jumlah_sks_pilihan, id_prodi, id_fakultas) VALUES (2, 'KRK002', 'Kurikulum S1 Program Studi A1Y', 120, 24, 2, 1);
INSERT INTO kurikulum (id, kode_kurikulum, nama_kurikulum, jumlah_sks_wajib, jumlah_sks_pilihan, id_prodi, id_fakultas) VALUES (3, 'KRK003', 'Kurikulum S1 Program Studi A1Z', 124, 20, 3, 1);

/* MATA_KULIAH */
INSERT INTO mata_kuliah (id, kode_matkul, nama_matkul, jumlah_sksk, prasyarat_sks, id_prodi, id_kurikulum) VALUES (1, 'MTK10001', 'MPKT A', 6, 0, 1, 1);
INSERT INTO mata_kuliah (id, kode_matkul, nama_matkul, jumlah_sksk, prasyarat_sks, id_prodi, id_kurikulum) VALUES (2, 'MTK10002', 'MPKT B', 6, 0, 1, 1);
INSERT INTO mata_kuliah (id, kode_matkul, nama_matkul, jumlah_sksk, prasyarat_sks, id_prodi, id_kurikulum) VALUES (3, 'MTK10003', 'MPK Bahasa Inggris', 3, 0, 1, 1);
INSERT INTO mata_kuliah (id, kode_matkul, nama_matkul, jumlah_sksk, prasyarat_sks, id_prodi, id_kurikulum) VALUES (4, 'MTK10004', 'MPK Agama Islam', 3, 0, 1, 1);
INSERT INTO mata_kuliah (id, kode_matkul, nama_matkul, jumlah_sksk, prasyarat_sks, id_prodi, id_kurikulum) VALUES (5, 'MTK10005', 'MPK Agama Kristen Katolik', 3, 0, 1, 1);
INSERT INTO mata_kuliah (id, kode_matkul, nama_matkul, jumlah_sksk, prasyarat_sks, id_prodi, id_kurikulum) VALUES (6, 'MTK10006', 'MPK Agama Kristen Protestan', 3, 0, 1, 1);
INSERT INTO mata_kuliah (id, kode_matkul, nama_matkul, jumlah_sksk, prasyarat_sks, id_prodi, id_kurikulum) VALUES (7, 'MTK10007', 'MPK Agama Hindu', 3, 0, 1, 1);
INSERT INTO mata_kuliah (id, kode_matkul, nama_matkul, jumlah_sksk, prasyarat_sks, id_prodi, id_kurikulum) VALUES (8, 'MTK10008', 'MPK Agama Budha', 3, 0, 1, 1);
INSERT INTO mata_kuliah (id, kode_matkul, nama_matkul, jumlah_sksk, prasyarat_sks, id_prodi, id_kurikulum) VALUES (9, 'MTK10009', 'MPK Agama Kong Hu Cu', 3, 0, 1, 1);
INSERT INTO mata_kuliah (id, kode_matkul, nama_matkul, jumlah_sksk, prasyarat_sks, id_prodi, id_kurikulum) VALUES (10, 'MTK10010', 'MPK Seni Apresiasi Film', 1, 0, 1, 1);
INSERT INTO mata_kuliah (id, kode_matkul, nama_matkul, jumlah_sksk, prasyarat_sks, id_prodi, id_kurikulum) VALUES (11, 'MTK10011', 'MPK Seni Batik', 1, 0, 1, 1);
INSERT INTO mata_kuliah (id, kode_matkul, nama_matkul, jumlah_sksk, prasyarat_sks, id_prodi, id_kurikulum) VALUES (12, 'MTK10012', 'MPK Seni Fotografi', 1, 0, 1, 1);
INSERT INTO mata_kuliah (id, kode_matkul, nama_matkul, jumlah_sksk, prasyarat_sks, id_prodi, id_kurikulum) VALUES (13, 'MTK10013', 'MPK Seni Kaligrafi', 1, 0, 1, 1);
INSERT INTO mata_kuliah (id, kode_matkul, nama_matkul, jumlah_sksk, prasyarat_sks, id_prodi, id_kurikulum) VALUES (14, 'MTK10014', 'MPK Seni Karawitan Jawa', 1, 0, 1, 1);
INSERT INTO mata_kuliah (id, kode_matkul, nama_matkul, jumlah_sksk, prasyarat_sks, id_prodi, id_kurikulum) VALUES (15, 'MTK10015', 'MPK Seni Karawitan dan Tari Bali', 1, 0, 1, 1);
INSERT INTO mata_kuliah (id, kode_matkul, nama_matkul, jumlah_sksk, prasyarat_sks, id_prodi, id_kurikulum) VALUES (16, 'MTK10016', 'MPK Seni Komik', 1, 0, 1, 1);
INSERT INTO mata_kuliah (id, kode_matkul, nama_matkul, jumlah_sksk, prasyarat_sks, id_prodi, id_kurikulum) VALUES (17, 'MTK10017', 'MPK Seni Lukis', 1, 0, 1, 1);
INSERT INTO mata_kuliah (id, kode_matkul, nama_matkul, jumlah_sksk, prasyarat_sks, id_prodi, id_kurikulum) VALUES (18, 'MTK10018', 'MPK Seni Apresiasi Musik', 1, 0, 1, 1);
INSERT INTO mata_kuliah (id, kode_matkul, nama_matkul, jumlah_sksk, prasyarat_sks, id_prodi, id_kurikulum) VALUES (19, 'MTK10019', 'MPK Seni Teater', 1, 0, 1, 1);
INSERT INTO mata_kuliah (id, kode_matkul, nama_matkul, jumlah_sksk, prasyarat_sks, id_prodi, id_kurikulum) VALUES (20, 'MTK10020', 'MPK Seni Wayang', 1, 0, 1, 1);
INSERT INTO mata_kuliah (id, kode_matkul, nama_matkul, jumlah_sksk, prasyarat_sks, id_prodi, id_kurikulum) VALUES (21, 'MTK10021', 'MPK Olahraga Bola Basket', 1, 0, 1, 1);
INSERT INTO mata_kuliah (id, kode_matkul, nama_matkul, jumlah_sksk, prasyarat_sks, id_prodi, id_kurikulum) VALUES (22, 'MTK10022', 'MPK Olahraga Bola Voli', 1, 0, 1, 1);
INSERT INTO mata_kuliah (id, kode_matkul, nama_matkul, jumlah_sksk, prasyarat_sks, id_prodi, id_kurikulum) VALUES (23, 'MTK10023', 'MPK Olahraga Bulutangkis', 1, 0, 1, 1);
INSERT INTO mata_kuliah (id, kode_matkul, nama_matkul, jumlah_sksk, prasyarat_sks, id_prodi, id_kurikulum) VALUES (24, 'MTK10024', 'MPK Olahraga Futsal', 1, 0, 1, 1);
INSERT INTO mata_kuliah (id, kode_matkul, nama_matkul, jumlah_sksk, prasyarat_sks, id_prodi, id_kurikulum) VALUES (25, 'MTK10025', 'MPK Olahraga Sepakbola', 1, 0, 1, 1);
INSERT INTO mata_kuliah (id, kode_matkul, nama_matkul, jumlah_sksk, prasyarat_sks, id_prodi, id_kurikulum) VALUES (26, 'MTK10026', 'MPK Olahraga Tenis', 1, 0, 1, 1);
INSERT INTO mata_kuliah (id, kode_matkul, nama_matkul, jumlah_sksk, prasyarat_sks, id_prodi, id_kurikulum) VALUES (27, 'MTK10027', 'MPK Olahraga Tenis Meja', 1, 0, 1, 1);
INSERT INTO mata_kuliah (id, kode_matkul, nama_matkul, jumlah_sksk, prasyarat_sks, id_prodi, id_kurikulum) VALUES (28, 'MTK10028', 'Matematika Dasar 1', 3, 0, 1, 1);
INSERT INTO mata_kuliah (id, kode_matkul, nama_matkul, jumlah_sksk, prasyarat_sks, id_prodi, id_kurikulum) VALUES (29, 'MTK10029', 'Fisika Dasar 1', 3, 0, 1, 1);
INSERT INTO mata_kuliah (id, kode_matkul, nama_matkul, jumlah_sksk, prasyarat_sks, id_prodi, id_kurikulum) VALUES (30, 'MTK10030', 'Matematika Diskret 1', 3, 0, 1, 1);
INSERT INTO mata_kuliah (id, kode_matkul, nama_matkul, jumlah_sksk, prasyarat_sks, id_prodi, id_kurikulum) VALUES (31, 'MTK10031', 'Dasar-Dasar Pemrograman 1', 4, 0, 1, 1);
INSERT INTO mata_kuliah (id, kode_matkul, nama_matkul, jumlah_sksk, prasyarat_sks, id_prodi, id_kurikulum) VALUES (32, 'MTK10032', 'Matematika Diskret 2', 3, 0, 1, 1);
INSERT INTO mata_kuliah (id, kode_matkul, nama_matkul, jumlah_sksk, prasyarat_sks, id_prodi, id_kurikulum) VALUES (33, 'MTK10033', 'Dasar-Dasar Pemrograman 2', 4, 0, 1, 1);
INSERT INTO mata_kuliah (id, kode_matkul, nama_matkul, jumlah_sksk, prasyarat_sks, id_prodi, id_kurikulum) VALUES (34, 'MTK10034', 'Aljabar Linier', 3, 0, 1, 1);
INSERT INTO mata_kuliah (id, kode_matkul, nama_matkul, jumlah_sksk, prasyarat_sks, id_prodi, id_kurikulum) VALUES (35, 'MTK10035', 'Perancangan & Pemrograman Web', 3, 0, 1, 1);
INSERT INTO mata_kuliah (id, kode_matkul, nama_matkul, jumlah_sksk, prasyarat_sks, id_prodi, id_kurikulum) VALUES (36, 'MTK10036', 'Struktur Data & Algoritma', 4, 0, 1, 1);
INSERT INTO mata_kuliah (id, kode_matkul, nama_matkul, jumlah_sksk, prasyarat_sks, id_prodi, id_kurikulum) VALUES (37, 'MTK10037', 'Statistika & Probabilitas', 3, 0, 1, 1);
INSERT INTO mata_kuliah (id, kode_matkul, nama_matkul, jumlah_sksk, prasyarat_sks, id_prodi, id_kurikulum) VALUES (38, 'MTK10038', 'Sistem Operasi', 4, 0, 1, 1);
INSERT INTO mata_kuliah (id, kode_matkul, nama_matkul, jumlah_sksk, prasyarat_sks, id_prodi, id_kurikulum) VALUES (39, 'MTK10039', 'Basis Data', 4, 0, 1, 1);
INSERT INTO mata_kuliah (id, kode_matkul, nama_matkul, jumlah_sksk, prasyarat_sks, id_prodi, id_kurikulum) VALUES (40, 'MTK10040', 'Metodologi Penelitian & Penulisan Ilmiah', 3, 0, 1, 1);
INSERT INTO mata_kuliah (id, kode_matkul, nama_matkul, jumlah_sksk, prasyarat_sks, id_prodi, id_kurikulum) VALUES (41, 'MTK10041', 'Kerja Praktik', 3, 100, 1, 1);
INSERT INTO mata_kuliah (id, kode_matkul, nama_matkul, jumlah_sksk, prasyarat_sks, id_prodi, id_kurikulum) VALUES (42, 'MTK10042', 'Komputer & Masyarakat', 3, 100, 1, 1);
INSERT INTO mata_kuliah (id, kode_matkul, nama_matkul, jumlah_sksk, prasyarat_sks, id_prodi, id_kurikulum) VALUES (43, 'MTK10043', 'Prinsip-Prinsip Sistem Informasi', 3, 0, 1, 1);
INSERT INTO mata_kuliah (id, kode_matkul, nama_matkul, jumlah_sksk, prasyarat_sks, id_prodi, id_kurikulum) VALUES (44, 'MTK10044', 'Dasar-Dasar Arsitektur Komputer', 4, 0, 1, 1);
INSERT INTO mata_kuliah (id, kode_matkul, nama_matkul, jumlah_sksk, prasyarat_sks, id_prodi, id_kurikulum) VALUES (45, 'MTK10045', 'Administrasi Bisnis', 3, 0, 1, 1);
INSERT INTO mata_kuliah (id, kode_matkul, nama_matkul, jumlah_sksk, prasyarat_sks, id_prodi, id_kurikulum) VALUES (46, 'MTK10046', 'Prinsip-Prinsip Manajemen', 3, 0, 1, 1);
INSERT INTO mata_kuliah (id, kode_matkul, nama_matkul, jumlah_sksk, prasyarat_sks, id_prodi, id_kurikulum) VALUES (47, 'MTK10047', 'Sistem-Sistem Perusahaan', 3, 0, 1, 1);
INSERT INTO mata_kuliah (id, kode_matkul, nama_matkul, jumlah_sksk, prasyarat_sks, id_prodi, id_kurikulum) VALUES (48, 'MTK10048', 'Sistem Informasi Akuntansi Keuangan', 3, 0, 1, 1);
INSERT INTO mata_kuliah (id, kode_matkul, nama_matkul, jumlah_sksk, prasyarat_sks, id_prodi, id_kurikulum) VALUES (49, 'MTK10049', 'Sistem Interaksi', 3, 0, 1, 1);
INSERT INTO mata_kuliah (id, kode_matkul, nama_matkul, jumlah_sksk, prasyarat_sks, id_prodi, id_kurikulum) VALUES (50, 'MTK10050', 'Analisis dan Perancangan Sistem Informasi', 3, 0, 1, 1);
INSERT INTO mata_kuliah (id, kode_matkul, nama_matkul, jumlah_sksk, prasyarat_sks, id_prodi, id_kurikulum) VALUES (51, 'MTK10051', 'Arsitektur & Pemrograman Aplikasi Perusahaan', 4, 0, 1, 1);
INSERT INTO mata_kuliah (id, kode_matkul, nama_matkul, jumlah_sksk, prasyarat_sks, id_prodi, id_kurikulum) VALUES (52, 'MTK10052', 'Manajemen Proyek TI', 3, 0, 1, 1);
INSERT INTO mata_kuliah (id, kode_matkul, nama_matkul, jumlah_sksk, prasyarat_sks, id_prodi, id_kurikulum) VALUES (53, 'MTK10053', 'Jaringan Komunikasi Data', 3, 0, 1, 1);
INSERT INTO mata_kuliah (id, kode_matkul, nama_matkul, jumlah_sksk, prasyarat_sks, id_prodi, id_kurikulum) VALUES (54, 'MTK10054', 'Proyek Pengembangan Sistem Informasi', 6, 0, 1, 1);
INSERT INTO mata_kuliah (id, kode_matkul, nama_matkul, jumlah_sksk, prasyarat_sks, id_prodi, id_kurikulum) VALUES (55, 'MTK10055', 'Komunikasi Bisnis dan Teknis', 3, 48, 1, 1);
INSERT INTO mata_kuliah (id, kode_matkul, nama_matkul, jumlah_sksk, prasyarat_sks, id_prodi, id_kurikulum) VALUES (56, 'MTK10056', 'Statistika Terapan', 3, 0, 1, 1);
INSERT INTO mata_kuliah (id, kode_matkul, nama_matkul, jumlah_sksk, prasyarat_sks, id_prodi, id_kurikulum) VALUES (57, 'MTK10057', 'Manajemen Sistem Informasi', 3, 100, 1, 1);
INSERT INTO mata_kuliah (id, kode_matkul, nama_matkul, jumlah_sksk, prasyarat_sks, id_prodi, id_kurikulum) VALUES (58, 'MTK10058', 'Pengantar Sistem Dijital', 4, 0, 1, 1);
INSERT INTO mata_kuliah (id, kode_matkul, nama_matkul, jumlah_sksk, prasyarat_sks, id_prodi, id_kurikulum) VALUES (59, 'MTK10059', 'Pengantar Organisasi Komputer', 3, 0, 1, 1);
INSERT INTO mata_kuliah (id, kode_matkul, nama_matkul, jumlah_sksk, prasyarat_sks, id_prodi, id_kurikulum) VALUES (60, 'MTK10060', 'Matematika Dasar 2', 3, 0, 1, 1);
INSERT INTO mata_kuliah (id, kode_matkul, nama_matkul, jumlah_sksk, prasyarat_sks, id_prodi, id_kurikulum) VALUES (61, 'MTK10061', 'Pemrograman Lanjut', 4, 0, 1, 1);
INSERT INTO mata_kuliah (id, kode_matkul, nama_matkul, jumlah_sksk, prasyarat_sks, id_prodi, id_kurikulum) VALUES (62, 'MTK10062', 'Teori Bahasa & Automata', 4, 0, 1, 1);
INSERT INTO mata_kuliah (id, kode_matkul, nama_matkul, jumlah_sksk, prasyarat_sks, id_prodi, id_kurikulum) VALUES (63, 'MTK10063', 'Rekayasa Perangkat Lunak', 3, 0, 1, 1);
INSERT INTO mata_kuliah (id, kode_matkul, nama_matkul, jumlah_sksk, prasyarat_sks, id_prodi, id_kurikulum) VALUES (64, 'MTK10064', 'Pemrograman Sistem', 3, 0, 1, 1);
INSERT INTO mata_kuliah (id, kode_matkul, nama_matkul, jumlah_sksk, prasyarat_sks, id_prodi, id_kurikulum) VALUES (65, 'MTK10065', 'Sistem Cerdas', 4, 0, 1, 1);
INSERT INTO mata_kuliah (id, kode_matkul, nama_matkul, jumlah_sksk, prasyarat_sks, id_prodi, id_kurikulum) VALUES (66, 'MTK10066', 'Jaringan Komputer', 4, 0, 1, 1);
INSERT INTO mata_kuliah (id, kode_matkul, nama_matkul, jumlah_sksk, prasyarat_sks, id_prodi, id_kurikulum) VALUES (67, 'MTK10067', 'Proyek Perangkat Lunak', 6, 0, 1, 1);
INSERT INTO mata_kuliah (id, kode_matkul, nama_matkul, jumlah_sksk, prasyarat_sks, id_prodi, id_kurikulum) VALUES (68, 'MTK10068', 'Data Science & Analytics', 3, 0, 1, 1);
INSERT INTO mata_kuliah (id, kode_matkul, nama_matkul, jumlah_sksk, prasyarat_sks, id_prodi, id_kurikulum) VALUES (69, 'MTK10069', 'Analisis Numerik', 3, 0, 1, 1);
INSERT INTO mata_kuliah (id, kode_matkul, nama_matkul, jumlah_sksk, prasyarat_sks, id_prodi, id_kurikulum) VALUES (70, 'MTK10070', 'Desain & Analisis Algoritma', 4, 0, 1, 1);
INSERT INTO mata_kuliah (id, kode_matkul, nama_matkul, jumlah_sksk, prasyarat_sks, id_prodi, id_kurikulum) VALUES (71, 'MTK10071', 'Manajemen Layanan TI', 3, 0, 1, 1);
INSERT INTO mata_kuliah (id, kode_matkul, nama_matkul, jumlah_sksk, prasyarat_sks, id_prodi, id_kurikulum) VALUES (72, 'MTK10072', 'Administrasi Sistem', 3, 0, 1, 1);
INSERT INTO mata_kuliah (id, kode_matkul, nama_matkul, jumlah_sksk, prasyarat_sks, id_prodi, id_kurikulum) VALUES (73, 'MTK10073', 'Manajemen Infrastruktur TI', 3, 0, 1, 1);
INSERT INTO mata_kuliah (id, kode_matkul, nama_matkul, jumlah_sksk, prasyarat_sks, id_prodi, id_kurikulum) VALUES (74, 'MTK10074', 'Technopreneurship', 3, 0, 1, 1);
INSERT INTO mata_kuliah (id, kode_matkul, nama_matkul, jumlah_sksk, prasyarat_sks, id_prodi, id_kurikulum) VALUES (75, 'MTK10075', 'Teknologi Mobile', 3, 0, 1, 1);
INSERT INTO mata_kuliah (id, kode_matkul, nama_matkul, jumlah_sksk, prasyarat_sks, id_prodi, id_kurikulum) VALUES (76, 'MTK10076', 'Pengantar Keamanan Informasi', 3, 0, 1, 1);
INSERT INTO mata_kuliah (id, kode_matkul, nama_matkul, jumlah_sksk, prasyarat_sks, id_prodi, id_kurikulum) VALUES (77, 'MTK10077', 'Pengembangan Perangkat Lunak Open Source', 3, 0, 1, 1);
INSERT INTO mata_kuliah (id, kode_matkul, nama_matkul, jumlah_sksk, prasyarat_sks, id_prodi, id_kurikulum) VALUES (78, 'MTK10078', 'Integrasi Aplikasi Perusahaan', 3, 0, 1, 1);
INSERT INTO mata_kuliah (id, kode_matkul, nama_matkul, jumlah_sksk, prasyarat_sks, id_prodi, id_kurikulum) VALUES (79, 'MTK10079', 'Dasar-Dasar Audit SI', 3, 0, 1, 1);
INSERT INTO mata_kuliah (id, kode_matkul, nama_matkul, jumlah_sksk, prasyarat_sks, id_prodi, id_kurikulum) VALUES (80, 'MTK10080', 'Topik Khusus Bidang Minat Manajemen SI/TI', 3, 0, 1, 1);
INSERT INTO mata_kuliah (id, kode_matkul, nama_matkul, jumlah_sksk, prasyarat_sks, id_prodi, id_kurikulum) VALUES (81, 'MTK10081', 'E-Dagang', 3, 0, 1, 1);
INSERT INTO mata_kuliah (id, kode_matkul, nama_matkul, jumlah_sksk, prasyarat_sks, id_prodi, id_kurikulum) VALUES (82, 'MTK10082', 'Sistem Informasi Kesehatan', 3, 0, 1, 1);
INSERT INTO mata_kuliah (id, kode_matkul, nama_matkul, jumlah_sksk, prasyarat_sks, id_prodi, id_kurikulum) VALUES (83, 'MTK10083', 'Konfigurasi ERP', 3, 0, 1, 1);
INSERT INTO mata_kuliah (id, kode_matkul, nama_matkul, jumlah_sksk, prasyarat_sks, id_prodi, id_kurikulum) VALUES (84, 'MTK10084', 'Manajemen Pengetahuan', 3, 0, 1, 1);
INSERT INTO mata_kuliah (id, kode_matkul, nama_matkul, jumlah_sksk, prasyarat_sks, id_prodi, id_kurikulum) VALUES (85, 'MTK10085', 'Analitika Media Sosial', 3, 0, 1, 1);
INSERT INTO mata_kuliah (id, kode_matkul, nama_matkul, jumlah_sksk, prasyarat_sks, id_prodi, id_kurikulum) VALUES (86, 'MTK10086', 'Penambangan Data & Inteligensia Bisnis', 3, 0, 1, 1);
INSERT INTO mata_kuliah (id, kode_matkul, nama_matkul, jumlah_sksk, prasyarat_sks, id_prodi, id_kurikulum) VALUES (87, 'MTK10087', 'Pengelolaan Data Besar', 3, 0, 1, 1);
INSERT INTO mata_kuliah (id, kode_matkul, nama_matkul, jumlah_sksk, prasyarat_sks, id_prodi, id_kurikulum) VALUES (88, 'MTK10088', 'Sistem Informasi Sumber Daya Manusia', 3, 0, 1, 1);
INSERT INTO mata_kuliah (id, kode_matkul, nama_matkul, jumlah_sksk, prasyarat_sks, id_prodi, id_kurikulum) VALUES (89, 'MTK10089', 'Manajemen Hubungan Pelanggan', 3, 0, 1, 1);
INSERT INTO mata_kuliah (id, kode_matkul, nama_matkul, jumlah_sksk, prasyarat_sks, id_prodi, id_kurikulum) VALUES (90, 'MTK10090', 'Manajemen Rantai Suplai', 3, 0, 1, 1);
INSERT INTO mata_kuliah (id, kode_matkul, nama_matkul, jumlah_sksk, prasyarat_sks, id_prodi, id_kurikulum) VALUES (91, 'MTK10091', 'Topik Khusus Bidang Minat Solusi Perusahaan', 3, 0, 1, 1);
INSERT INTO mata_kuliah (id, kode_matkul, nama_matkul, jumlah_sksk, prasyarat_sks, id_prodi, id_kurikulum) VALUES (92, 'MTK10092', 'Tugas Akhir', 6, 0, 1, 1);
INSERT INTO mata_kuliah (id, kode_matkul, nama_matkul, jumlah_sksk, prasyarat_sks, id_prodi, id_kurikulum) VALUES (93, 'MTK10093', 'Basis Data Lanjut', 3, 0, 1, 1);
INSERT INTO mata_kuliah (id, kode_matkul, nama_matkul, jumlah_sksk, prasyarat_sks, id_prodi, id_kurikulum) VALUES (94, 'MTK10094', 'Teknik Kompilator', 4, 0, 1, 1);
INSERT INTO mata_kuliah (id, kode_matkul, nama_matkul, jumlah_sksk, prasyarat_sks, id_prodi, id_kurikulum) VALUES (95, 'MTK10095', 'Grafika Komputer', 3, 0, 1, 1);
INSERT INTO mata_kuliah (id, kode_matkul, nama_matkul, jumlah_sksk, prasyarat_sks, id_prodi, id_kurikulum) VALUES (96, 'MTK10096', 'Kriptografi & Keamanan Informasi', 4, 0, 1, 1);
INSERT INTO mata_kuliah (id, kode_matkul, nama_matkul, jumlah_sksk, prasyarat_sks, id_prodi, id_kurikulum) VALUES (97, 'MTK10097', 'Layanan & Aplikasi Web', 3, 0, 1, 1);
INSERT INTO mata_kuliah (id, kode_matkul, nama_matkul, jumlah_sksk, prasyarat_sks, id_prodi, id_kurikulum) VALUES (98, 'MTK10098', 'Game Development', 3, 0, 1, 1);
INSERT INTO mata_kuliah (id, kode_matkul, nama_matkul, jumlah_sksk, prasyarat_sks, id_prodi, id_kurikulum) VALUES (99, 'MTK10099', 'Pemrograman Paralel', 4, 0, 1, 1);
INSERT INTO mata_kuliah (id, kode_matkul, nama_matkul, jumlah_sksk, prasyarat_sks, id_prodi, id_kurikulum) VALUES (100, 'MTK10100', 'Pemrograman Logika', 4, 0, 1, 1);
INSERT INTO mata_kuliah (id, kode_matkul, nama_matkul, jumlah_sksk, prasyarat_sks, id_prodi, id_kurikulum) VALUES (101, 'MTK10101', 'Penjaminan Mutu Perangkat Lunak', 4, 0, 1, 1);
INSERT INTO mata_kuliah (id, kode_matkul, nama_matkul, jumlah_sksk, prasyarat_sks, id_prodi, id_kurikulum) VALUES (102, 'MTK10102', 'Jejaring Semantik', 3, 0, 1, 1);
INSERT INTO mata_kuliah (id, kode_matkul, nama_matkul, jumlah_sksk, prasyarat_sks, id_prodi, id_kurikulum) VALUES (103, 'MTK10103', 'Metode Formal', 4, 0, 1, 1);
INSERT INTO mata_kuliah (id, kode_matkul, nama_matkul, jumlah_sksk, prasyarat_sks, id_prodi, id_kurikulum) VALUES (104, 'MTK10104', 'Penambangan Data', 3, 0, 1, 1);
INSERT INTO mata_kuliah (id, kode_matkul, nama_matkul, jumlah_sksk, prasyarat_sks, id_prodi, id_kurikulum) VALUES (105, 'MTK10105', 'Pemrograman Fungsional', 4, 0, 1, 1);
INSERT INTO mata_kuliah (id, kode_matkul, nama_matkul, jumlah_sksk, prasyarat_sks, id_prodi, id_kurikulum) VALUES (106, 'MTK10106', 'Pengajaran Berbantuan Komputer', 3, 0, 1, 1);
INSERT INTO mata_kuliah (id, kode_matkul, nama_matkul, jumlah_sksk, prasyarat_sks, id_prodi, id_kurikulum) VALUES (107, 'MTK10107', 'Topik Khusus Bidang Minat Teknologi Perangkat Lunak', 3, 0, 1, 1);
INSERT INTO mata_kuliah (id, kode_matkul, nama_matkul, jumlah_sksk, prasyarat_sks, id_prodi, id_kurikulum) VALUES (108, 'MTK10108', 'Pengolahan Citra', 3, 0, 1, 1);
INSERT INTO mata_kuliah (id, kode_matkul, nama_matkul, jumlah_sksk, prasyarat_sks, id_prodi, id_kurikulum) VALUES (109, 'MTK10109', 'Teori Informasi', 3, 0, 1, 1);
INSERT INTO mata_kuliah (id, kode_matkul, nama_matkul, jumlah_sksk, prasyarat_sks, id_prodi, id_kurikulum) VALUES (110, 'MTK10110', 'Pemelajaran Mesin', 3, 0, 1, 1);
INSERT INTO mata_kuliah (id, kode_matkul, nama_matkul, jumlah_sksk, prasyarat_sks, id_prodi, id_kurikulum) VALUES (111, 'MTK10111', 'Pengolahan Bahasa Manusia', 3, 0, 1, 1);
INSERT INTO mata_kuliah (id, kode_matkul, nama_matkul, jumlah_sksk, prasyarat_sks, id_prodi, id_kurikulum) VALUES (112, 'MTK10112', 'Perolehan Informasi', 3, 0, 1, 1);
INSERT INTO mata_kuliah (id, kode_matkul, nama_matkul, jumlah_sksk, prasyarat_sks, id_prodi, id_kurikulum) VALUES (113, 'MTK10113', 'Pengolahan Sinyal Dijital', 3, 0, 1, 1);
INSERT INTO mata_kuliah (id, kode_matkul, nama_matkul, jumlah_sksk, prasyarat_sks, id_prodi, id_kurikulum) VALUES (114, 'MTK10114', 'Sistem Informasi Geografis', 3, 0, 1, 1);
INSERT INTO mata_kuliah (id, kode_matkul, nama_matkul, jumlah_sksk, prasyarat_sks, id_prodi, id_kurikulum) VALUES (115, 'MTK10115', 'Pengolahan Multimedia', 3, 0, 1, 1);
INSERT INTO mata_kuliah (id, kode_matkul, nama_matkul, jumlah_sksk, prasyarat_sks, id_prodi, id_kurikulum) VALUES (116, 'MTK10116', 'Geometri Komputasional', 4, 0, 1, 1);
INSERT INTO mata_kuliah (id, kode_matkul, nama_matkul, jumlah_sksk, prasyarat_sks, id_prodi, id_kurikulum) VALUES (117, 'MTK10117', 'Pemodelan Geometris', 4, 0, 1, 1);
INSERT INTO mata_kuliah (id, kode_matkul, nama_matkul, jumlah_sksk, prasyarat_sks, id_prodi, id_kurikulum) VALUES (118, 'MTK10118', 'Topik Khusus Bidang Minat Pengolahan Informasi Multimedia', 3, 0, 1, 1);
INSERT INTO mata_kuliah (id, kode_matkul, nama_matkul, jumlah_sksk, prasyarat_sks, id_prodi, id_kurikulum) VALUES (119, 'MTK10119', 'Sistem Tertanam', 3, 0, 1, 1);
INSERT INTO mata_kuliah (id, kode_matkul, nama_matkul, jumlah_sksk, prasyarat_sks, id_prodi, id_kurikulum) VALUES (120, 'MTK10120', 'Organisasi Sistem Komputer', 3, 0, 1, 1);
INSERT INTO mata_kuliah (id, kode_matkul, nama_matkul, jumlah_sksk, prasyarat_sks, id_prodi, id_kurikulum) VALUES (121, 'MTK10121', 'Simulasi & Pemodelan', 3, 0, 1, 1);
INSERT INTO mata_kuliah (id, kode_matkul, nama_matkul, jumlah_sksk, prasyarat_sks, id_prodi, id_kurikulum) VALUES (122, 'MTK10122', 'Sistem Terdistribusi', 3, 0, 1, 1);
INSERT INTO mata_kuliah (id, kode_matkul, nama_matkul, jumlah_sksk, prasyarat_sks, id_prodi, id_kurikulum) VALUES (123, 'MTK10123', 'Ubiquitous & Net-Centric Computing', 3, 0, 1, 1);
INSERT INTO mata_kuliah (id, kode_matkul, nama_matkul, jumlah_sksk, prasyarat_sks, id_prodi, id_kurikulum) VALUES (124, 'MTK10124', 'Robotika', 3, 0, 1, 1);
INSERT INTO mata_kuliah (id, kode_matkul, nama_matkul, jumlah_sksk, prasyarat_sks, id_prodi, id_kurikulum) VALUES (125, 'MTK10125', 'Rancangan Sistem Dijital', 3, 0, 1, 1);
INSERT INTO mata_kuliah (id, kode_matkul, nama_matkul, jumlah_sksk, prasyarat_sks, id_prodi, id_kurikulum) VALUES (126, 'MTK10126', 'Topik Khusus Bidang Minat Arsitektur & Infrastruktur', 3, 0, 1, 1);
INSERT INTO mata_kuliah (id, kode_matkul, nama_matkul, jumlah_sksk, prasyarat_sks, id_prodi, id_kurikulum) VALUES (127, 'MTK10127', 'Bioinformatika', 3, 0, 1, 1);
INSERT INTO mata_kuliah (id, kode_matkul, nama_matkul, jumlah_sksk, prasyarat_sks, id_prodi, id_kurikulum) VALUES (128, 'MTK10128', 'Persamaan Diferensial', 3, 0, 1, 1);
INSERT INTO mata_kuliah (id, kode_matkul, nama_matkul, jumlah_sksk, prasyarat_sks, id_prodi, id_kurikulum) VALUES (129, 'MTK10129', 'Aproksimasi Sistem Nonlinier', 3, 0, 1, 1);
INSERT INTO mata_kuliah (id, kode_matkul, nama_matkul, jumlah_sksk, prasyarat_sks, id_prodi, id_kurikulum) VALUES (130, 'MTK10130', 'Komputasi Lunak', 3, 0, 1, 1);
INSERT INTO mata_kuliah (id, kode_matkul, nama_matkul, jumlah_sksk, prasyarat_sks, id_prodi, id_kurikulum) VALUES (131, 'MTK10131', 'Logika Komputasional', 3, 0, 1, 1);
INSERT INTO mata_kuliah (id, kode_matkul, nama_matkul, jumlah_sksk, prasyarat_sks, id_prodi, id_kurikulum) VALUES (132, 'MTK10132', 'Aljabar Linier Numerik', 3, 0, 1, 1);
INSERT INTO mata_kuliah (id, kode_matkul, nama_matkul, jumlah_sksk, prasyarat_sks, id_prodi, id_kurikulum) VALUES (133, 'MTK10133', 'Topik Khusus Bidang Minat Kecerdasan Komputasional', 3, 0, 1, 1);
INSERT INTO mata_kuliah (id, kode_matkul, nama_matkul, jumlah_sksk, prasyarat_sks, id_prodi, id_kurikulum) VALUES (134, 'MTK20001', 'MPKT A', 6, 0, 2, 2);
INSERT INTO mata_kuliah (id, kode_matkul, nama_matkul, jumlah_sksk, prasyarat_sks, id_prodi, id_kurikulum) VALUES (135, 'MTK20002', 'MPKT B', 6, 0, 2, 2);
INSERT INTO mata_kuliah (id, kode_matkul, nama_matkul, jumlah_sksk, prasyarat_sks, id_prodi, id_kurikulum) VALUES (136, 'MTK20003', 'MPK Bahasa Inggris', 3, 0, 2, 2);
INSERT INTO mata_kuliah (id, kode_matkul, nama_matkul, jumlah_sksk, prasyarat_sks, id_prodi, id_kurikulum) VALUES (137, 'MTK20004', 'MPK Agama Islam', 3, 0, 2, 2);
INSERT INTO mata_kuliah (id, kode_matkul, nama_matkul, jumlah_sksk, prasyarat_sks, id_prodi, id_kurikulum) VALUES (138, 'MTK20005', 'MPK Agama Kristen Katolik', 3, 0, 2, 2);
INSERT INTO mata_kuliah (id, kode_matkul, nama_matkul, jumlah_sksk, prasyarat_sks, id_prodi, id_kurikulum) VALUES (139, 'MTK20006', 'MPK Agama Kristen Protestan', 3, 0, 2, 2);
INSERT INTO mata_kuliah (id, kode_matkul, nama_matkul, jumlah_sksk, prasyarat_sks, id_prodi, id_kurikulum) VALUES (140, 'MTK20007', 'MPK Agama Hindu', 3, 0, 2, 2);
INSERT INTO mata_kuliah (id, kode_matkul, nama_matkul, jumlah_sksk, prasyarat_sks, id_prodi, id_kurikulum) VALUES (141, 'MTK20008', 'MPK Agama Budha', 3, 0, 2, 2);
INSERT INTO mata_kuliah (id, kode_matkul, nama_matkul, jumlah_sksk, prasyarat_sks, id_prodi, id_kurikulum) VALUES (142, 'MTK20009', 'MPK Agama Kong Hu Cu', 3, 0, 2, 2);
INSERT INTO mata_kuliah (id, kode_matkul, nama_matkul, jumlah_sksk, prasyarat_sks, id_prodi, id_kurikulum) VALUES (143, 'MTK20010', 'MPK Seni Apresiasi Film', 1, 0, 2, 2);
INSERT INTO mata_kuliah (id, kode_matkul, nama_matkul, jumlah_sksk, prasyarat_sks, id_prodi, id_kurikulum) VALUES (144, 'MTK20011', 'MPK Seni Batik', 1, 0, 2, 2);
INSERT INTO mata_kuliah (id, kode_matkul, nama_matkul, jumlah_sksk, prasyarat_sks, id_prodi, id_kurikulum) VALUES (145, 'MTK20012', 'MPK Seni Fotografi', 1, 0, 2, 2);
INSERT INTO mata_kuliah (id, kode_matkul, nama_matkul, jumlah_sksk, prasyarat_sks, id_prodi, id_kurikulum) VALUES (146, 'MTK20013', 'MPK Seni Kaligrafi', 1, 0, 2, 2);
INSERT INTO mata_kuliah (id, kode_matkul, nama_matkul, jumlah_sksk, prasyarat_sks, id_prodi, id_kurikulum) VALUES (147, 'MTK20014', 'MPK Seni Karawitan Jawa', 1, 0, 2, 2);
INSERT INTO mata_kuliah (id, kode_matkul, nama_matkul, jumlah_sksk, prasyarat_sks, id_prodi, id_kurikulum) VALUES (148, 'MTK20015', 'MPK Seni Karawitan dan Tari Bali', 1, 0, 2, 2);
INSERT INTO mata_kuliah (id, kode_matkul, nama_matkul, jumlah_sksk, prasyarat_sks, id_prodi, id_kurikulum) VALUES (149, 'MTK20016', 'MPK Seni Komik', 1, 0, 2, 2);
INSERT INTO mata_kuliah (id, kode_matkul, nama_matkul, jumlah_sksk, prasyarat_sks, id_prodi, id_kurikulum) VALUES (150, 'MTK20017', 'MPK Seni Lukis', 1, 0, 2, 2);
INSERT INTO mata_kuliah (id, kode_matkul, nama_matkul, jumlah_sksk, prasyarat_sks, id_prodi, id_kurikulum) VALUES (151, 'MTK20018', 'MPK Seni Apresiasi Musik', 1, 0, 2, 2);
INSERT INTO mata_kuliah (id, kode_matkul, nama_matkul, jumlah_sksk, prasyarat_sks, id_prodi, id_kurikulum) VALUES (152, 'MTK20019', 'MPK Seni Teater', 1, 0, 2, 2);
INSERT INTO mata_kuliah (id, kode_matkul, nama_matkul, jumlah_sksk, prasyarat_sks, id_prodi, id_kurikulum) VALUES (153, 'MTK20020', 'MPK Seni Wayang', 1, 0, 2, 2);
INSERT INTO mata_kuliah (id, kode_matkul, nama_matkul, jumlah_sksk, prasyarat_sks, id_prodi, id_kurikulum) VALUES (154, 'MTK20021', 'MPK Olahraga Bola Basket', 1, 0, 2, 2);
INSERT INTO mata_kuliah (id, kode_matkul, nama_matkul, jumlah_sksk, prasyarat_sks, id_prodi, id_kurikulum) VALUES (155, 'MTK20022', 'MPK Olahraga Bola Voli', 1, 0, 2, 2);
INSERT INTO mata_kuliah (id, kode_matkul, nama_matkul, jumlah_sksk, prasyarat_sks, id_prodi, id_kurikulum) VALUES (156, 'MTK20023', 'MPK Olahraga Bulutangkis', 1, 0, 2, 2);
INSERT INTO mata_kuliah (id, kode_matkul, nama_matkul, jumlah_sksk, prasyarat_sks, id_prodi, id_kurikulum) VALUES (157, 'MTK20024', 'MPK Olahraga Futsal', 1, 0, 2, 2);
INSERT INTO mata_kuliah (id, kode_matkul, nama_matkul, jumlah_sksk, prasyarat_sks, id_prodi, id_kurikulum) VALUES (158, 'MTK20025', 'MPK Olahraga Sepakbola', 1, 0, 2, 2);
INSERT INTO mata_kuliah (id, kode_matkul, nama_matkul, jumlah_sksk, prasyarat_sks, id_prodi, id_kurikulum) VALUES (159, 'MTK20026', 'MPK Olahraga Tenis', 1, 0, 2, 2);
INSERT INTO mata_kuliah (id, kode_matkul, nama_matkul, jumlah_sksk, prasyarat_sks, id_prodi, id_kurikulum) VALUES (160, 'MTK20027', 'MPK Olahraga Tenis Meja', 1, 0, 2, 2);
INSERT INTO mata_kuliah (id, kode_matkul, nama_matkul, jumlah_sksk, prasyarat_sks, id_prodi, id_kurikulum) VALUES (161, 'MTK20028', 'Matematika Dasar 1', 3, 0, 2, 2);
INSERT INTO mata_kuliah (id, kode_matkul, nama_matkul, jumlah_sksk, prasyarat_sks, id_prodi, id_kurikulum) VALUES (162, 'MTK20029', 'Fisika Dasar 1', 3, 0, 2, 2);
INSERT INTO mata_kuliah (id, kode_matkul, nama_matkul, jumlah_sksk, prasyarat_sks, id_prodi, id_kurikulum) VALUES (163, 'MTK20030', 'Matematika Diskret 1', 3, 0, 2, 2);
INSERT INTO mata_kuliah (id, kode_matkul, nama_matkul, jumlah_sksk, prasyarat_sks, id_prodi, id_kurikulum) VALUES (164, 'MTK20031', 'Dasar-Dasar Pemrograman 1', 4, 0, 2, 2);
INSERT INTO mata_kuliah (id, kode_matkul, nama_matkul, jumlah_sksk, prasyarat_sks, id_prodi, id_kurikulum) VALUES (165, 'MTK20032', 'Matematika Diskret 2', 3, 0, 2, 2);
INSERT INTO mata_kuliah (id, kode_matkul, nama_matkul, jumlah_sksk, prasyarat_sks, id_prodi, id_kurikulum) VALUES (166, 'MTK20033', 'Dasar-Dasar Pemrograman 2', 4, 0, 2, 2);
INSERT INTO mata_kuliah (id, kode_matkul, nama_matkul, jumlah_sksk, prasyarat_sks, id_prodi, id_kurikulum) VALUES (167, 'MTK20034', 'Aljabar Linier', 3, 0, 2, 2);
INSERT INTO mata_kuliah (id, kode_matkul, nama_matkul, jumlah_sksk, prasyarat_sks, id_prodi, id_kurikulum) VALUES (168, 'MTK20035', 'Perancangan & Pemrograman Web', 3, 0, 2, 2);
INSERT INTO mata_kuliah (id, kode_matkul, nama_matkul, jumlah_sksk, prasyarat_sks, id_prodi, id_kurikulum) VALUES (169, 'MTK20036', 'Struktur Data & Algoritma', 4, 0, 2, 2);
INSERT INTO mata_kuliah (id, kode_matkul, nama_matkul, jumlah_sksk, prasyarat_sks, id_prodi, id_kurikulum) VALUES (170, 'MTK20037', 'Statistika & Probabilitas', 3, 0, 2, 2);
INSERT INTO mata_kuliah (id, kode_matkul, nama_matkul, jumlah_sksk, prasyarat_sks, id_prodi, id_kurikulum) VALUES (171, 'MTK20038', 'Sistem Operasi', 4, 0, 2, 2);
INSERT INTO mata_kuliah (id, kode_matkul, nama_matkul, jumlah_sksk, prasyarat_sks, id_prodi, id_kurikulum) VALUES (172, 'MTK20039', 'Basis Data', 4, 0, 2, 2);
INSERT INTO mata_kuliah (id, kode_matkul, nama_matkul, jumlah_sksk, prasyarat_sks, id_prodi, id_kurikulum) VALUES (173, 'MTK20040', 'Metodologi Penelitian & Penulisan Ilmiah', 3, 0, 2, 2);
INSERT INTO mata_kuliah (id, kode_matkul, nama_matkul, jumlah_sksk, prasyarat_sks, id_prodi, id_kurikulum) VALUES (174, 'MTK20041', 'Kerja Praktik', 3, 100, 2, 2);
INSERT INTO mata_kuliah (id, kode_matkul, nama_matkul, jumlah_sksk, prasyarat_sks, id_prodi, id_kurikulum) VALUES (175, 'MTK20042', 'Komputer & Masyarakat', 3, 100, 2, 2);
INSERT INTO mata_kuliah (id, kode_matkul, nama_matkul, jumlah_sksk, prasyarat_sks, id_prodi, id_kurikulum) VALUES (176, 'MTK20043', 'Prinsip-Prinsip Sistem Informasi', 3, 0, 2, 2);
INSERT INTO mata_kuliah (id, kode_matkul, nama_matkul, jumlah_sksk, prasyarat_sks, id_prodi, id_kurikulum) VALUES (177, 'MTK20044', 'Dasar-Dasar Arsitektur Komputer', 4, 0, 2, 2);
INSERT INTO mata_kuliah (id, kode_matkul, nama_matkul, jumlah_sksk, prasyarat_sks, id_prodi, id_kurikulum) VALUES (178, 'MTK20045', 'Administrasi Bisnis', 3, 0, 2, 2);
INSERT INTO mata_kuliah (id, kode_matkul, nama_matkul, jumlah_sksk, prasyarat_sks, id_prodi, id_kurikulum) VALUES (179, 'MTK20046', 'Prinsip-Prinsip Manajemen', 3, 0, 2, 2);
INSERT INTO mata_kuliah (id, kode_matkul, nama_matkul, jumlah_sksk, prasyarat_sks, id_prodi, id_kurikulum) VALUES (180, 'MTK20047', 'Sistem-Sistem Perusahaan', 3, 0, 2, 2);
INSERT INTO mata_kuliah (id, kode_matkul, nama_matkul, jumlah_sksk, prasyarat_sks, id_prodi, id_kurikulum) VALUES (181, 'MTK20048', 'Sistem Informasi Akuntansi Keuangan', 3, 0, 2, 2);
INSERT INTO mata_kuliah (id, kode_matkul, nama_matkul, jumlah_sksk, prasyarat_sks, id_prodi, id_kurikulum) VALUES (182, 'MTK20049', 'Sistem Interaksi', 3, 0, 2, 2);
INSERT INTO mata_kuliah (id, kode_matkul, nama_matkul, jumlah_sksk, prasyarat_sks, id_prodi, id_kurikulum) VALUES (183, 'MTK20050', 'Analisis dan Perancangan Sistem Informasi', 3, 0, 2, 2);
INSERT INTO mata_kuliah (id, kode_matkul, nama_matkul, jumlah_sksk, prasyarat_sks, id_prodi, id_kurikulum) VALUES (184, 'MTK20051', 'Arsitektur & Pemrograman Aplikasi Perusahaan', 4, 0, 2, 2);
INSERT INTO mata_kuliah (id, kode_matkul, nama_matkul, jumlah_sksk, prasyarat_sks, id_prodi, id_kurikulum) VALUES (185, 'MTK20052', 'Manajemen Proyek TI', 3, 0, 2, 2);
INSERT INTO mata_kuliah (id, kode_matkul, nama_matkul, jumlah_sksk, prasyarat_sks, id_prodi, id_kurikulum) VALUES (186, 'MTK20053', 'Jaringan Komunikasi Data', 3, 0, 2, 2);
INSERT INTO mata_kuliah (id, kode_matkul, nama_matkul, jumlah_sksk, prasyarat_sks, id_prodi, id_kurikulum) VALUES (187, 'MTK20054', 'Proyek Pengembangan Sistem Informasi', 6, 0, 2, 2);
INSERT INTO mata_kuliah (id, kode_matkul, nama_matkul, jumlah_sksk, prasyarat_sks, id_prodi, id_kurikulum) VALUES (188, 'MTK20055', 'Komunikasi Bisnis dan Teknis', 3, 48, 2, 2);
INSERT INTO mata_kuliah (id, kode_matkul, nama_matkul, jumlah_sksk, prasyarat_sks, id_prodi, id_kurikulum) VALUES (189, 'MTK20056', 'Statistika Terapan', 3, 0, 2, 2);
INSERT INTO mata_kuliah (id, kode_matkul, nama_matkul, jumlah_sksk, prasyarat_sks, id_prodi, id_kurikulum) VALUES (190, 'MTK20057', 'Manajemen Sistem Informasi', 3, 100, 2, 2);
INSERT INTO mata_kuliah (id, kode_matkul, nama_matkul, jumlah_sksk, prasyarat_sks, id_prodi, id_kurikulum) VALUES (191, 'MTK20058', 'Pengantar Sistem Dijital', 4, 0, 2, 2);
INSERT INTO mata_kuliah (id, kode_matkul, nama_matkul, jumlah_sksk, prasyarat_sks, id_prodi, id_kurikulum) VALUES (192, 'MTK20059', 'Pengantar Organisasi Komputer', 3, 0, 2, 2);
INSERT INTO mata_kuliah (id, kode_matkul, nama_matkul, jumlah_sksk, prasyarat_sks, id_prodi, id_kurikulum) VALUES (193, 'MTK20060', 'Matematika Dasar 2', 3, 0, 2, 2);
INSERT INTO mata_kuliah (id, kode_matkul, nama_matkul, jumlah_sksk, prasyarat_sks, id_prodi, id_kurikulum) VALUES (194, 'MTK20061', 'Pemrograman Lanjut', 4, 0, 2, 2);
INSERT INTO mata_kuliah (id, kode_matkul, nama_matkul, jumlah_sksk, prasyarat_sks, id_prodi, id_kurikulum) VALUES (195, 'MTK20062', 'Teori Bahasa & Automata', 4, 0, 2, 2);
INSERT INTO mata_kuliah (id, kode_matkul, nama_matkul, jumlah_sksk, prasyarat_sks, id_prodi, id_kurikulum) VALUES (196, 'MTK20063', 'Rekayasa Perangkat Lunak', 3, 0, 2, 2);
INSERT INTO mata_kuliah (id, kode_matkul, nama_matkul, jumlah_sksk, prasyarat_sks, id_prodi, id_kurikulum) VALUES (197, 'MTK20064', 'Pemrograman Sistem', 3, 0, 2, 2);
INSERT INTO mata_kuliah (id, kode_matkul, nama_matkul, jumlah_sksk, prasyarat_sks, id_prodi, id_kurikulum) VALUES (198, 'MTK20065', 'Sistem Cerdas', 4, 0, 2, 2);
INSERT INTO mata_kuliah (id, kode_matkul, nama_matkul, jumlah_sksk, prasyarat_sks, id_prodi, id_kurikulum) VALUES (199, 'MTK20066', 'Jaringan Komputer', 4, 0, 2, 2);
INSERT INTO mata_kuliah (id, kode_matkul, nama_matkul, jumlah_sksk, prasyarat_sks, id_prodi, id_kurikulum) VALUES (200, 'MTK20067', 'Proyek Perangkat Lunak', 6, 0, 2, 2);
INSERT INTO mata_kuliah (id, kode_matkul, nama_matkul, jumlah_sksk, prasyarat_sks, id_prodi, id_kurikulum) VALUES (201, 'MTK20068', 'Data Science & Analytics', 3, 0, 2, 2);
INSERT INTO mata_kuliah (id, kode_matkul, nama_matkul, jumlah_sksk, prasyarat_sks, id_prodi, id_kurikulum) VALUES (202, 'MTK20069', 'Analisis Numerik', 3, 0, 2, 2);
INSERT INTO mata_kuliah (id, kode_matkul, nama_matkul, jumlah_sksk, prasyarat_sks, id_prodi, id_kurikulum) VALUES (203, 'MTK20070', 'Desain & Analisis Algoritma', 4, 0, 2, 2);
INSERT INTO mata_kuliah (id, kode_matkul, nama_matkul, jumlah_sksk, prasyarat_sks, id_prodi, id_kurikulum) VALUES (204, 'MTK20071', 'Manajemen Layanan TI', 3, 0, 2, 2);
INSERT INTO mata_kuliah (id, kode_matkul, nama_matkul, jumlah_sksk, prasyarat_sks, id_prodi, id_kurikulum) VALUES (205, 'MTK20072', 'Administrasi Sistem', 3, 0, 2, 2);
INSERT INTO mata_kuliah (id, kode_matkul, nama_matkul, jumlah_sksk, prasyarat_sks, id_prodi, id_kurikulum) VALUES (206, 'MTK20073', 'Manajemen Infrastruktur TI', 3, 0, 2, 2);
INSERT INTO mata_kuliah (id, kode_matkul, nama_matkul, jumlah_sksk, prasyarat_sks, id_prodi, id_kurikulum) VALUES (207, 'MTK20074', 'Technopreneurship', 3, 0, 2, 2);
INSERT INTO mata_kuliah (id, kode_matkul, nama_matkul, jumlah_sksk, prasyarat_sks, id_prodi, id_kurikulum) VALUES (208, 'MTK20075', 'Teknologi Mobile', 3, 0, 2, 2);
INSERT INTO mata_kuliah (id, kode_matkul, nama_matkul, jumlah_sksk, prasyarat_sks, id_prodi, id_kurikulum) VALUES (209, 'MTK20076', 'Pengantar Keamanan Informasi', 3, 0, 2, 2);
INSERT INTO mata_kuliah (id, kode_matkul, nama_matkul, jumlah_sksk, prasyarat_sks, id_prodi, id_kurikulum) VALUES (210, 'MTK20077', 'Pengembangan Perangkat Lunak Open Source', 3, 0, 2, 2);
INSERT INTO mata_kuliah (id, kode_matkul, nama_matkul, jumlah_sksk, prasyarat_sks, id_prodi, id_kurikulum) VALUES (211, 'MTK20078', 'Integrasi Aplikasi Perusahaan', 3, 0, 2, 2);
INSERT INTO mata_kuliah (id, kode_matkul, nama_matkul, jumlah_sksk, prasyarat_sks, id_prodi, id_kurikulum) VALUES (212, 'MTK20079', 'Dasar-Dasar Audit SI', 3, 0, 2, 2);
INSERT INTO mata_kuliah (id, kode_matkul, nama_matkul, jumlah_sksk, prasyarat_sks, id_prodi, id_kurikulum) VALUES (213, 'MTK20080', 'Topik Khusus Bidang Minat Manajemen SI/TI', 3, 0, 2, 2);
INSERT INTO mata_kuliah (id, kode_matkul, nama_matkul, jumlah_sksk, prasyarat_sks, id_prodi, id_kurikulum) VALUES (214, 'MTK20081', 'E-Dagang', 3, 0, 2, 2);
INSERT INTO mata_kuliah (id, kode_matkul, nama_matkul, jumlah_sksk, prasyarat_sks, id_prodi, id_kurikulum) VALUES (215, 'MTK20082', 'Sistem Informasi Kesehatan', 3, 0, 2, 2);
INSERT INTO mata_kuliah (id, kode_matkul, nama_matkul, jumlah_sksk, prasyarat_sks, id_prodi, id_kurikulum) VALUES (216, 'MTK20083', 'Konfigurasi ERP', 3, 0, 2, 2);
INSERT INTO mata_kuliah (id, kode_matkul, nama_matkul, jumlah_sksk, prasyarat_sks, id_prodi, id_kurikulum) VALUES (217, 'MTK20084', 'Manajemen Pengetahuan', 3, 0, 2, 2);
INSERT INTO mata_kuliah (id, kode_matkul, nama_matkul, jumlah_sksk, prasyarat_sks, id_prodi, id_kurikulum) VALUES (218, 'MTK20085', 'Analitika Media Sosial', 3, 0, 2, 2);
INSERT INTO mata_kuliah (id, kode_matkul, nama_matkul, jumlah_sksk, prasyarat_sks, id_prodi, id_kurikulum) VALUES (219, 'MTK20086', 'Penambangan Data & Inteligensia Bisnis', 3, 0, 2, 2);
INSERT INTO mata_kuliah (id, kode_matkul, nama_matkul, jumlah_sksk, prasyarat_sks, id_prodi, id_kurikulum) VALUES (220, 'MTK20087', 'Pengelolaan Data Besar', 3, 0, 2, 2);
INSERT INTO mata_kuliah (id, kode_matkul, nama_matkul, jumlah_sksk, prasyarat_sks, id_prodi, id_kurikulum) VALUES (221, 'MTK20088', 'Sistem Informasi Sumber Daya Manusia', 3, 0, 2, 2);
INSERT INTO mata_kuliah (id, kode_matkul, nama_matkul, jumlah_sksk, prasyarat_sks, id_prodi, id_kurikulum) VALUES (222, 'MTK20089', 'Manajemen Hubungan Pelanggan', 3, 0, 2, 2);
INSERT INTO mata_kuliah (id, kode_matkul, nama_matkul, jumlah_sksk, prasyarat_sks, id_prodi, id_kurikulum) VALUES (223, 'MTK20090', 'Manajemen Rantai Suplai', 3, 0, 2, 2);
INSERT INTO mata_kuliah (id, kode_matkul, nama_matkul, jumlah_sksk, prasyarat_sks, id_prodi, id_kurikulum) VALUES (224, 'MTK20091', 'Topik Khusus Bidang Minat Solusi Perusahaan', 3, 0, 2, 2);
INSERT INTO mata_kuliah (id, kode_matkul, nama_matkul, jumlah_sksk, prasyarat_sks, id_prodi, id_kurikulum) VALUES (225, 'MTK20092', 'Tugas Akhir', 6, 0, 2, 2);
INSERT INTO mata_kuliah (id, kode_matkul, nama_matkul, jumlah_sksk, prasyarat_sks, id_prodi, id_kurikulum) VALUES (226, 'MTK20093', 'Basis Data Lanjut', 3, 0, 2, 2);
INSERT INTO mata_kuliah (id, kode_matkul, nama_matkul, jumlah_sksk, prasyarat_sks, id_prodi, id_kurikulum) VALUES (227, 'MTK20094', 'Teknik Kompilator', 4, 0, 2, 2);
INSERT INTO mata_kuliah (id, kode_matkul, nama_matkul, jumlah_sksk, prasyarat_sks, id_prodi, id_kurikulum) VALUES (228, 'MTK20095', 'Grafika Komputer', 3, 0, 2, 2);
INSERT INTO mata_kuliah (id, kode_matkul, nama_matkul, jumlah_sksk, prasyarat_sks, id_prodi, id_kurikulum) VALUES (229, 'MTK20096', 'Kriptografi & Keamanan Informasi', 4, 0, 2, 2);
INSERT INTO mata_kuliah (id, kode_matkul, nama_matkul, jumlah_sksk, prasyarat_sks, id_prodi, id_kurikulum) VALUES (230, 'MTK20097', 'Layanan & Aplikasi Web', 3, 0, 2, 2);
INSERT INTO mata_kuliah (id, kode_matkul, nama_matkul, jumlah_sksk, prasyarat_sks, id_prodi, id_kurikulum) VALUES (231, 'MTK20098', 'Game Development', 3, 0, 2, 2);
INSERT INTO mata_kuliah (id, kode_matkul, nama_matkul, jumlah_sksk, prasyarat_sks, id_prodi, id_kurikulum) VALUES (232, 'MTK20099', 'Pemrograman Paralel', 4, 0, 2, 2);
INSERT INTO mata_kuliah (id, kode_matkul, nama_matkul, jumlah_sksk, prasyarat_sks, id_prodi, id_kurikulum) VALUES (233, 'MTK20100', 'Pemrograman Logika', 4, 0, 2, 2);
INSERT INTO mata_kuliah (id, kode_matkul, nama_matkul, jumlah_sksk, prasyarat_sks, id_prodi, id_kurikulum) VALUES (234, 'MTK20101', 'Penjaminan Mutu Perangkat Lunak', 4, 0, 2, 2);
INSERT INTO mata_kuliah (id, kode_matkul, nama_matkul, jumlah_sksk, prasyarat_sks, id_prodi, id_kurikulum) VALUES (235, 'MTK20102', 'Jejaring Semantik', 3, 0, 2, 2);
INSERT INTO mata_kuliah (id, kode_matkul, nama_matkul, jumlah_sksk, prasyarat_sks, id_prodi, id_kurikulum) VALUES (236, 'MTK20103', 'Metode Formal', 4, 0, 2, 2);
INSERT INTO mata_kuliah (id, kode_matkul, nama_matkul, jumlah_sksk, prasyarat_sks, id_prodi, id_kurikulum) VALUES (237, 'MTK20104', 'Penambangan Data', 3, 0, 2, 2);
INSERT INTO mata_kuliah (id, kode_matkul, nama_matkul, jumlah_sksk, prasyarat_sks, id_prodi, id_kurikulum) VALUES (238, 'MTK20105', 'Pemrograman Fungsional', 4, 0, 2, 2);
INSERT INTO mata_kuliah (id, kode_matkul, nama_matkul, jumlah_sksk, prasyarat_sks, id_prodi, id_kurikulum) VALUES (239, 'MTK20106', 'Pengajaran Berbantuan Komputer', 3, 0, 2, 2);
INSERT INTO mata_kuliah (id, kode_matkul, nama_matkul, jumlah_sksk, prasyarat_sks, id_prodi, id_kurikulum) VALUES (240, 'MTK20107', 'Topik Khusus Bidang Minat Teknologi Perangkat Lunak', 3, 0, 2, 2);
INSERT INTO mata_kuliah (id, kode_matkul, nama_matkul, jumlah_sksk, prasyarat_sks, id_prodi, id_kurikulum) VALUES (241, 'MTK20108', 'Pengolahan Citra', 3, 0, 2, 2);
INSERT INTO mata_kuliah (id, kode_matkul, nama_matkul, jumlah_sksk, prasyarat_sks, id_prodi, id_kurikulum) VALUES (242, 'MTK20109', 'Teori Informasi', 3, 0, 2, 2);
INSERT INTO mata_kuliah (id, kode_matkul, nama_matkul, jumlah_sksk, prasyarat_sks, id_prodi, id_kurikulum) VALUES (243, 'MTK20110', 'Pemelajaran Mesin', 2, 0, 2, 2);
INSERT INTO mata_kuliah (id, kode_matkul, nama_matkul, jumlah_sksk, prasyarat_sks, id_prodi, id_kurikulum) VALUES (244, 'MTK20111', 'Pengolahan Bahasa Manusia', 2, 0, 2, 2);
INSERT INTO mata_kuliah (id, kode_matkul, nama_matkul, jumlah_sksk, prasyarat_sks, id_prodi, id_kurikulum) VALUES (245, 'MTK20112', 'Perolehan Informasi', 3, 0, 2, 2);
INSERT INTO mata_kuliah (id, kode_matkul, nama_matkul, jumlah_sksk, prasyarat_sks, id_prodi, id_kurikulum) VALUES (246, 'MTK20113', 'Pengolahan Sinyal Dijital', 3, 0, 2, 2);
INSERT INTO mata_kuliah (id, kode_matkul, nama_matkul, jumlah_sksk, prasyarat_sks, id_prodi, id_kurikulum) VALUES (247, 'MTK20114', 'Sistem Informasi Geografis', 3, 0, 2, 2);
INSERT INTO mata_kuliah (id, kode_matkul, nama_matkul, jumlah_sksk, prasyarat_sks, id_prodi, id_kurikulum) VALUES (248, 'MTK20115', 'Pengolahan Multimedia', 3, 0, 2, 2);
INSERT INTO mata_kuliah (id, kode_matkul, nama_matkul, jumlah_sksk, prasyarat_sks, id_prodi, id_kurikulum) VALUES (249, 'MTK20116', 'Geometri Komputasional', 4, 0, 2, 2);
INSERT INTO mata_kuliah (id, kode_matkul, nama_matkul, jumlah_sksk, prasyarat_sks, id_prodi, id_kurikulum) VALUES (250, 'MTK20117', 'Pemodelan Geometris', 4, 0, 2, 2);
INSERT INTO mata_kuliah (id, kode_matkul, nama_matkul, jumlah_sksk, prasyarat_sks, id_prodi, id_kurikulum) VALUES (251, 'MTK20118', 'Topik Khusus Bidang Minat Pengolahan Informasi Multimedia', 3, 0, 2, 2);
INSERT INTO mata_kuliah (id, kode_matkul, nama_matkul, jumlah_sksk, prasyarat_sks, id_prodi, id_kurikulum) VALUES (252, 'MTK20119', 'Sistem Tertanam', 3, 0, 2, 2);
INSERT INTO mata_kuliah (id, kode_matkul, nama_matkul, jumlah_sksk, prasyarat_sks, id_prodi, id_kurikulum) VALUES (253, 'MTK20120', 'Organisasi Sistem Komputer', 3, 0, 2, 2);
INSERT INTO mata_kuliah (id, kode_matkul, nama_matkul, jumlah_sksk, prasyarat_sks, id_prodi, id_kurikulum) VALUES (254, 'MTK20121', 'Simulasi & Pemodelan', 3, 0, 2, 2);
INSERT INTO mata_kuliah (id, kode_matkul, nama_matkul, jumlah_sksk, prasyarat_sks, id_prodi, id_kurikulum) VALUES (255, 'MTK20122', 'Sistem Terdistribusi', 3, 0, 2, 2);
INSERT INTO mata_kuliah (id, kode_matkul, nama_matkul, jumlah_sksk, prasyarat_sks, id_prodi, id_kurikulum) VALUES (256, 'MTK20123', 'Ubiquitous & Net-Centric Computing', 3, 0, 2, 2);
INSERT INTO mata_kuliah (id, kode_matkul, nama_matkul, jumlah_sksk, prasyarat_sks, id_prodi, id_kurikulum) VALUES (257, 'MTK20124', 'Robotika', 3, 0, 2, 2);
INSERT INTO mata_kuliah (id, kode_matkul, nama_matkul, jumlah_sksk, prasyarat_sks, id_prodi, id_kurikulum) VALUES (258, 'MTK20125', 'Rancangan Sistem Dijital', 3, 0, 2, 2);
INSERT INTO mata_kuliah (id, kode_matkul, nama_matkul, jumlah_sksk, prasyarat_sks, id_prodi, id_kurikulum) VALUES (259, 'MTK20126', 'Topik Khusus Bidang Minat Arsitektur & Infrastruktur', 3, 0, 2, 2);
INSERT INTO mata_kuliah (id, kode_matkul, nama_matkul, jumlah_sksk, prasyarat_sks, id_prodi, id_kurikulum) VALUES (260, 'MTK20127', 'Bioinformatika', 3, 0, 2, 2);
INSERT INTO mata_kuliah (id, kode_matkul, nama_matkul, jumlah_sksk, prasyarat_sks, id_prodi, id_kurikulum) VALUES (261, 'MTK20128', 'Persamaan Diferensial', 2, 0, 2, 2);
INSERT INTO mata_kuliah (id, kode_matkul, nama_matkul, jumlah_sksk, prasyarat_sks, id_prodi, id_kurikulum) VALUES (262, 'MTK20129', 'Aproksimasi Sistem Nonlinier', 2, 0, 2, 2);
INSERT INTO mata_kuliah (id, kode_matkul, nama_matkul, jumlah_sksk, prasyarat_sks, id_prodi, id_kurikulum) VALUES (263, 'MTK20130', 'Komputasi Lunak', 3, 0, 2, 2);
INSERT INTO mata_kuliah (id, kode_matkul, nama_matkul, jumlah_sksk, prasyarat_sks, id_prodi, id_kurikulum) VALUES (264, 'MTK20131', 'Logika Komputasional', 3, 0, 2, 2);
INSERT INTO mata_kuliah (id, kode_matkul, nama_matkul, jumlah_sksk, prasyarat_sks, id_prodi, id_kurikulum) VALUES (265, 'MTK20132', 'Aljabar Linier Numerik', 3, 0, 2, 2);
INSERT INTO mata_kuliah (id, kode_matkul, nama_matkul, jumlah_sksk, prasyarat_sks, id_prodi, id_kurikulum) VALUES (266, 'MTK20133', 'Topik Khusus Bidang Minat Kecerdasan Komputasional', 3, 0, 2, 2);
INSERT INTO mata_kuliah (id, kode_matkul, nama_matkul, jumlah_sksk, prasyarat_sks, id_prodi, id_kurikulum) VALUES (267, 'MTK30001', 'MPKT A', 6, 0, 3, 3);
INSERT INTO mata_kuliah (id, kode_matkul, nama_matkul, jumlah_sksk, prasyarat_sks, id_prodi, id_kurikulum) VALUES (268, 'MTK30002', 'MPKT B', 6, 0, 3, 3);
INSERT INTO mata_kuliah (id, kode_matkul, nama_matkul, jumlah_sksk, prasyarat_sks, id_prodi, id_kurikulum) VALUES (269, 'MTK30003', 'MPK Bahasa Inggris', 3, 0, 3, 3);
INSERT INTO mata_kuliah (id, kode_matkul, nama_matkul, jumlah_sksk, prasyarat_sks, id_prodi, id_kurikulum) VALUES (270, 'MTK30004', 'MPK Agama Islam', 2, 0, 3, 3);
INSERT INTO mata_kuliah (id, kode_matkul, nama_matkul, jumlah_sksk, prasyarat_sks, id_prodi, id_kurikulum) VALUES (271, 'MTK30005', 'MPK Agama Kristen Katolik', 3, 0, 3, 3);
INSERT INTO mata_kuliah (id, kode_matkul, nama_matkul, jumlah_sksk, prasyarat_sks, id_prodi, id_kurikulum) VALUES (272, 'MTK30006', 'MPK Agama Kristen Protestan', 3, 0, 3, 3);
INSERT INTO mata_kuliah (id, kode_matkul, nama_matkul, jumlah_sksk, prasyarat_sks, id_prodi, id_kurikulum) VALUES (273, 'MTK30007', 'MPK Agama Hindu', 2, 0, 3, 3);
INSERT INTO mata_kuliah (id, kode_matkul, nama_matkul, jumlah_sksk, prasyarat_sks, id_prodi, id_kurikulum) VALUES (274, 'MTK30008', 'MPK Agama Budha', 3, 0, 3, 3);
INSERT INTO mata_kuliah (id, kode_matkul, nama_matkul, jumlah_sksk, prasyarat_sks, id_prodi, id_kurikulum) VALUES (275, 'MTK30009', 'MPK Agama Kong Hu Cu', 3, 0, 3, 3);
INSERT INTO mata_kuliah (id, kode_matkul, nama_matkul, jumlah_sksk, prasyarat_sks, id_prodi, id_kurikulum) VALUES (276, 'MTK30010', 'MPK Seni Apresiasi Film', 1, 0, 3, 3);
INSERT INTO mata_kuliah (id, kode_matkul, nama_matkul, jumlah_sksk, prasyarat_sks, id_prodi, id_kurikulum) VALUES (277, 'MTK30011', 'MPK Seni Batik', 1, 0, 3, 3);
INSERT INTO mata_kuliah (id, kode_matkul, nama_matkul, jumlah_sksk, prasyarat_sks, id_prodi, id_kurikulum) VALUES (278, 'MTK30012', 'MPK Seni Fotografi', 1, 0, 3, 3);
INSERT INTO mata_kuliah (id, kode_matkul, nama_matkul, jumlah_sksk, prasyarat_sks, id_prodi, id_kurikulum) VALUES (279, 'MTK30013', 'MPK Seni Kaligrafi', 1, 0, 3, 3);
INSERT INTO mata_kuliah (id, kode_matkul, nama_matkul, jumlah_sksk, prasyarat_sks, id_prodi, id_kurikulum) VALUES (280, 'MTK30014', 'MPK Seni Karawitan Jawa', 1, 0, 3, 3);
INSERT INTO mata_kuliah (id, kode_matkul, nama_matkul, jumlah_sksk, prasyarat_sks, id_prodi, id_kurikulum) VALUES (281, 'MTK30015', 'MPK Seni Karawitan dan Tari Bali', 1, 0, 3, 3);
INSERT INTO mata_kuliah (id, kode_matkul, nama_matkul, jumlah_sksk, prasyarat_sks, id_prodi, id_kurikulum) VALUES (282, 'MTK30016', 'MPK Seni Komik', 1, 0, 3, 3);
INSERT INTO mata_kuliah (id, kode_matkul, nama_matkul, jumlah_sksk, prasyarat_sks, id_prodi, id_kurikulum) VALUES (283, 'MTK30017', 'MPK Seni Lukis', 1, 0, 3, 3);
INSERT INTO mata_kuliah (id, kode_matkul, nama_matkul, jumlah_sksk, prasyarat_sks, id_prodi, id_kurikulum) VALUES (284, 'MTK30018', 'MPK Seni Apresiasi Musik', 1, 0, 3, 3);
INSERT INTO mata_kuliah (id, kode_matkul, nama_matkul, jumlah_sksk, prasyarat_sks, id_prodi, id_kurikulum) VALUES (285, 'MTK30019', 'MPK Seni Teater', 1, 0, 3, 3);
INSERT INTO mata_kuliah (id, kode_matkul, nama_matkul, jumlah_sksk, prasyarat_sks, id_prodi, id_kurikulum) VALUES (286, 'MTK30020', 'MPK Seni Wayang', 1, 0, 3, 3);
INSERT INTO mata_kuliah (id, kode_matkul, nama_matkul, jumlah_sksk, prasyarat_sks, id_prodi, id_kurikulum) VALUES (287, 'MTK30021', 'MPK Olahraga Bola Basket', 1, 0, 3, 3);
INSERT INTO mata_kuliah (id, kode_matkul, nama_matkul, jumlah_sksk, prasyarat_sks, id_prodi, id_kurikulum) VALUES (288, 'MTK30022', 'MPK Olahraga Bola Voli', 1, 0, 3, 3);
INSERT INTO mata_kuliah (id, kode_matkul, nama_matkul, jumlah_sksk, prasyarat_sks, id_prodi, id_kurikulum) VALUES (289, 'MTK30023', 'MPK Olahraga Bulutangkis', 1, 0, 3, 3);
INSERT INTO mata_kuliah (id, kode_matkul, nama_matkul, jumlah_sksk, prasyarat_sks, id_prodi, id_kurikulum) VALUES (290, 'MTK30024', 'MPK Olahraga Futsal', 1, 0, 3, 3);
INSERT INTO mata_kuliah (id, kode_matkul, nama_matkul, jumlah_sksk, prasyarat_sks, id_prodi, id_kurikulum) VALUES (291, 'MTK30025', 'MPK Olahraga Sepakbola', 1, 0, 3, 3);
INSERT INTO mata_kuliah (id, kode_matkul, nama_matkul, jumlah_sksk, prasyarat_sks, id_prodi, id_kurikulum) VALUES (292, 'MTK30026', 'MPK Olahraga Tenis', 1, 0, 3, 3);
INSERT INTO mata_kuliah (id, kode_matkul, nama_matkul, jumlah_sksk, prasyarat_sks, id_prodi, id_kurikulum) VALUES (293, 'MTK30027', 'MPK Olahraga Tenis Meja', 1, 0, 3, 3);
INSERT INTO mata_kuliah (id, kode_matkul, nama_matkul, jumlah_sksk, prasyarat_sks, id_prodi, id_kurikulum) VALUES (294, 'MTK30028', 'Matematika Dasar 1', 3, 0, 3, 3);
INSERT INTO mata_kuliah (id, kode_matkul, nama_matkul, jumlah_sksk, prasyarat_sks, id_prodi, id_kurikulum) VALUES (295, 'MTK30029', 'Fisika Dasar 1', 3, 0, 3, 3);
INSERT INTO mata_kuliah (id, kode_matkul, nama_matkul, jumlah_sksk, prasyarat_sks, id_prodi, id_kurikulum) VALUES (296, 'MTK30030', 'Matematika Diskret 1', 3, 0, 3, 3);
INSERT INTO mata_kuliah (id, kode_matkul, nama_matkul, jumlah_sksk, prasyarat_sks, id_prodi, id_kurikulum) VALUES (297, 'MTK30031', 'Dasar-Dasar Pemrograman 1', 4, 0, 3, 3);
INSERT INTO mata_kuliah (id, kode_matkul, nama_matkul, jumlah_sksk, prasyarat_sks, id_prodi, id_kurikulum) VALUES (298, 'MTK30032', 'Matematika Diskret 2', 3, 0, 3, 3);
INSERT INTO mata_kuliah (id, kode_matkul, nama_matkul, jumlah_sksk, prasyarat_sks, id_prodi, id_kurikulum) VALUES (299, 'MTK30033', 'Dasar-Dasar Pemrograman 2', 4, 0, 3, 3);
INSERT INTO mata_kuliah (id, kode_matkul, nama_matkul, jumlah_sksk, prasyarat_sks, id_prodi, id_kurikulum) VALUES (300, 'MTK30034', 'Aljabar Linier', 4, 0, 3, 3);
INSERT INTO mata_kuliah (id, kode_matkul, nama_matkul, jumlah_sksk, prasyarat_sks, id_prodi, id_kurikulum) VALUES (301, 'MTK30035', 'Perancangan & Pemrograman Web', 3, 0, 3, 3);
INSERT INTO mata_kuliah (id, kode_matkul, nama_matkul, jumlah_sksk, prasyarat_sks, id_prodi, id_kurikulum) VALUES (302, 'MTK30036', 'Struktur Data & Algoritma', 4, 0, 3, 3);
INSERT INTO mata_kuliah (id, kode_matkul, nama_matkul, jumlah_sksk, prasyarat_sks, id_prodi, id_kurikulum) VALUES (303, 'MTK30037', 'Statistika & Probabilitas', 2, 0, 3, 3);
INSERT INTO mata_kuliah (id, kode_matkul, nama_matkul, jumlah_sksk, prasyarat_sks, id_prodi, id_kurikulum) VALUES (304, 'MTK30038', 'Sistem Operasi', 4, 0, 3, 3);
INSERT INTO mata_kuliah (id, kode_matkul, nama_matkul, jumlah_sksk, prasyarat_sks, id_prodi, id_kurikulum) VALUES (305, 'MTK30039', 'Basis Data', 4, 0, 3, 3);
INSERT INTO mata_kuliah (id, kode_matkul, nama_matkul, jumlah_sksk, prasyarat_sks, id_prodi, id_kurikulum) VALUES (306, 'MTK30040', 'Metodologi Penelitian & Penulisan Ilmiah', 3, 0, 3, 3);
INSERT INTO mata_kuliah (id, kode_matkul, nama_matkul, jumlah_sksk, prasyarat_sks, id_prodi, id_kurikulum) VALUES (307, 'MTK30041', 'Kerja Praktik', 3, 100, 3, 3);
INSERT INTO mata_kuliah (id, kode_matkul, nama_matkul, jumlah_sksk, prasyarat_sks, id_prodi, id_kurikulum) VALUES (308, 'MTK30042', 'Komputer & Masyarakat', 3, 100, 3, 3);
INSERT INTO mata_kuliah (id, kode_matkul, nama_matkul, jumlah_sksk, prasyarat_sks, id_prodi, id_kurikulum) VALUES (309, 'MTK30043', 'Prinsip-Prinsip Sistem Informasi', 3, 0, 3, 3);
INSERT INTO mata_kuliah (id, kode_matkul, nama_matkul, jumlah_sksk, prasyarat_sks, id_prodi, id_kurikulum) VALUES (310, 'MTK30044', 'Dasar-Dasar Arsitektur Komputer', 4, 0, 3, 3);
INSERT INTO mata_kuliah (id, kode_matkul, nama_matkul, jumlah_sksk, prasyarat_sks, id_prodi, id_kurikulum) VALUES (311, 'MTK30045', 'Administrasi Bisnis', 3, 0, 3, 3);
INSERT INTO mata_kuliah (id, kode_matkul, nama_matkul, jumlah_sksk, prasyarat_sks, id_prodi, id_kurikulum) VALUES (312, 'MTK30046', 'Prinsip-Prinsip Manajemen', 3, 0, 3, 3);
INSERT INTO mata_kuliah (id, kode_matkul, nama_matkul, jumlah_sksk, prasyarat_sks, id_prodi, id_kurikulum) VALUES (313, 'MTK30047', 'Sistem-Sistem Perusahaan', 3, 0, 3, 3);
INSERT INTO mata_kuliah (id, kode_matkul, nama_matkul, jumlah_sksk, prasyarat_sks, id_prodi, id_kurikulum) VALUES (314, 'MTK30048', 'Sistem Informasi Akuntansi Keuangan', 3, 0, 3, 3);
INSERT INTO mata_kuliah (id, kode_matkul, nama_matkul, jumlah_sksk, prasyarat_sks, id_prodi, id_kurikulum) VALUES (315, 'MTK30049', 'Sistem Interaksi', 3, 0, 3, 3);
INSERT INTO mata_kuliah (id, kode_matkul, nama_matkul, jumlah_sksk, prasyarat_sks, id_prodi, id_kurikulum) VALUES (316, 'MTK30050', 'Analisis dan Perancangan Sistem Informasi', 3, 0, 3, 3);
INSERT INTO mata_kuliah (id, kode_matkul, nama_matkul, jumlah_sksk, prasyarat_sks, id_prodi, id_kurikulum) VALUES (317, 'MTK30051', 'Arsitektur & Pemrograman Aplikasi Perusahaan', 4, 0, 3, 3);
INSERT INTO mata_kuliah (id, kode_matkul, nama_matkul, jumlah_sksk, prasyarat_sks, id_prodi, id_kurikulum) VALUES (318, 'MTK30052', 'Manajemen Proyek TI', 3, 0, 3, 3);
INSERT INTO mata_kuliah (id, kode_matkul, nama_matkul, jumlah_sksk, prasyarat_sks, id_prodi, id_kurikulum) VALUES (319, 'MTK30053', 'Jaringan Komunikasi Data', 3, 0, 3, 3);
INSERT INTO mata_kuliah (id, kode_matkul, nama_matkul, jumlah_sksk, prasyarat_sks, id_prodi, id_kurikulum) VALUES (320, 'MTK30054', 'Proyek Pengembangan Sistem Informasi', 6, 0, 3, 3);
INSERT INTO mata_kuliah (id, kode_matkul, nama_matkul, jumlah_sksk, prasyarat_sks, id_prodi, id_kurikulum) VALUES (321, 'MTK30055', 'Komunikasi Bisnis dan Teknis', 3, 48, 3, 3);
INSERT INTO mata_kuliah (id, kode_matkul, nama_matkul, jumlah_sksk, prasyarat_sks, id_prodi, id_kurikulum) VALUES (322, 'MTK30056', 'Statistika Terapan', 3, 0, 3, 3);
INSERT INTO mata_kuliah (id, kode_matkul, nama_matkul, jumlah_sksk, prasyarat_sks, id_prodi, id_kurikulum) VALUES (323, 'MTK30057', 'Manajemen Sistem Informasi', 3, 100, 3, 3);
INSERT INTO mata_kuliah (id, kode_matkul, nama_matkul, jumlah_sksk, prasyarat_sks, id_prodi, id_kurikulum) VALUES (324, 'MTK30058', 'Pengantar Sistem Dijital', 4, 0, 3, 3);
INSERT INTO mata_kuliah (id, kode_matkul, nama_matkul, jumlah_sksk, prasyarat_sks, id_prodi, id_kurikulum) VALUES (325, 'MTK30059', 'Pengantar Organisasi Komputer', 3, 0, 3, 3);
INSERT INTO mata_kuliah (id, kode_matkul, nama_matkul, jumlah_sksk, prasyarat_sks, id_prodi, id_kurikulum) VALUES (326, 'MTK30060', 'Matematika Dasar 2', 3, 0, 3, 3);
INSERT INTO mata_kuliah (id, kode_matkul, nama_matkul, jumlah_sksk, prasyarat_sks, id_prodi, id_kurikulum) VALUES (327, 'MTK30061', 'Pemrograman Lanjut', 4, 0, 3, 3);
INSERT INTO mata_kuliah (id, kode_matkul, nama_matkul, jumlah_sksk, prasyarat_sks, id_prodi, id_kurikulum) VALUES (328, 'MTK30062', 'Teori Bahasa & Automata', 4, 0, 3, 3);
INSERT INTO mata_kuliah (id, kode_matkul, nama_matkul, jumlah_sksk, prasyarat_sks, id_prodi, id_kurikulum) VALUES (329, 'MTK30063', 'Rekayasa Perangkat Lunak', 3, 0, 3, 3);
INSERT INTO mata_kuliah (id, kode_matkul, nama_matkul, jumlah_sksk, prasyarat_sks, id_prodi, id_kurikulum) VALUES (330, 'MTK30064', 'Pemrograman Sistem', 3, 0, 3, 3);
INSERT INTO mata_kuliah (id, kode_matkul, nama_matkul, jumlah_sksk, prasyarat_sks, id_prodi, id_kurikulum) VALUES (331, 'MTK30065', 'Sistem Cerdas', 4, 0, 3, 3);
INSERT INTO mata_kuliah (id, kode_matkul, nama_matkul, jumlah_sksk, prasyarat_sks, id_prodi, id_kurikulum) VALUES (332, 'MTK30066', 'Jaringan Komputer', 4, 0, 3, 3);
INSERT INTO mata_kuliah (id, kode_matkul, nama_matkul, jumlah_sksk, prasyarat_sks, id_prodi, id_kurikulum) VALUES (333, 'MTK30067', 'Proyek Perangkat Lunak', 6, 0, 3, 3);
INSERT INTO mata_kuliah (id, kode_matkul, nama_matkul, jumlah_sksk, prasyarat_sks, id_prodi, id_kurikulum) VALUES (334, 'MTK30068', 'Data Science & Analytics', 3, 0, 3, 3);
INSERT INTO mata_kuliah (id, kode_matkul, nama_matkul, jumlah_sksk, prasyarat_sks, id_prodi, id_kurikulum) VALUES (335, 'MTK30069', 'Analisis Numerik', 3, 0, 3, 3);
INSERT INTO mata_kuliah (id, kode_matkul, nama_matkul, jumlah_sksk, prasyarat_sks, id_prodi, id_kurikulum) VALUES (336, 'MTK30070', 'Desain & Analisis Algoritma', 4, 0, 3, 3);
INSERT INTO mata_kuliah (id, kode_matkul, nama_matkul, jumlah_sksk, prasyarat_sks, id_prodi, id_kurikulum) VALUES (337, 'MTK30071', 'Manajemen Layanan TI', 3, 0, 3, 3);
INSERT INTO mata_kuliah (id, kode_matkul, nama_matkul, jumlah_sksk, prasyarat_sks, id_prodi, id_kurikulum) VALUES (338, 'MTK30072', 'Administrasi Sistem', 3, 0, 3, 3);
INSERT INTO mata_kuliah (id, kode_matkul, nama_matkul, jumlah_sksk, prasyarat_sks, id_prodi, id_kurikulum) VALUES (339, 'MTK30073', 'Manajemen Infrastruktur TI', 3, 0, 3, 3);
INSERT INTO mata_kuliah (id, kode_matkul, nama_matkul, jumlah_sksk, prasyarat_sks, id_prodi, id_kurikulum) VALUES (340, 'MTK30074', 'Technopreneurship', 3, 0, 3, 3);
INSERT INTO mata_kuliah (id, kode_matkul, nama_matkul, jumlah_sksk, prasyarat_sks, id_prodi, id_kurikulum) VALUES (341, 'MTK30075', 'Teknologi Mobile', 3, 0, 3, 3);
INSERT INTO mata_kuliah (id, kode_matkul, nama_matkul, jumlah_sksk, prasyarat_sks, id_prodi, id_kurikulum) VALUES (342, 'MTK30076', 'Pengantar Keamanan Informasi', 3, 0, 3, 3);
INSERT INTO mata_kuliah (id, kode_matkul, nama_matkul, jumlah_sksk, prasyarat_sks, id_prodi, id_kurikulum) VALUES (343, 'MTK30077', 'Pengembangan Perangkat Lunak Open Source', 3, 0, 3, 3);
INSERT INTO mata_kuliah (id, kode_matkul, nama_matkul, jumlah_sksk, prasyarat_sks, id_prodi, id_kurikulum) VALUES (344, 'MTK30078', 'Integrasi Aplikasi Perusahaan', 3, 0, 3, 3);
INSERT INTO mata_kuliah (id, kode_matkul, nama_matkul, jumlah_sksk, prasyarat_sks, id_prodi, id_kurikulum) VALUES (345, 'MTK30079', 'Dasar-Dasar Audit SI', 3, 0, 3, 3);
INSERT INTO mata_kuliah (id, kode_matkul, nama_matkul, jumlah_sksk, prasyarat_sks, id_prodi, id_kurikulum) VALUES (346, 'MTK30080', 'Topik Khusus Bidang Minat Manajemen SI/TI', 3, 0, 3, 3);
INSERT INTO mata_kuliah (id, kode_matkul, nama_matkul, jumlah_sksk, prasyarat_sks, id_prodi, id_kurikulum) VALUES (347, 'MTK30081', 'E-Dagang', 3, 0, 3, 3);
INSERT INTO mata_kuliah (id, kode_matkul, nama_matkul, jumlah_sksk, prasyarat_sks, id_prodi, id_kurikulum) VALUES (348, 'MTK30082', 'Sistem Informasi Kesehatan', 3, 0, 3, 3);
INSERT INTO mata_kuliah (id, kode_matkul, nama_matkul, jumlah_sksk, prasyarat_sks, id_prodi, id_kurikulum) VALUES (349, 'MTK30083', 'Konfigurasi ERP', 3, 0, 3, 3);
INSERT INTO mata_kuliah (id, kode_matkul, nama_matkul, jumlah_sksk, prasyarat_sks, id_prodi, id_kurikulum) VALUES (350, 'MTK30084', 'Manajemen Pengetahuan', 3, 0, 3, 3);
INSERT INTO mata_kuliah (id, kode_matkul, nama_matkul, jumlah_sksk, prasyarat_sks, id_prodi, id_kurikulum) VALUES (351, 'MTK30085', 'Analitika Media Sosial', 3, 0, 3, 3);
INSERT INTO mata_kuliah (id, kode_matkul, nama_matkul, jumlah_sksk, prasyarat_sks, id_prodi, id_kurikulum) VALUES (352, 'MTK30086', 'Penambangan Data & Inteligensia Bisnis', 3, 0, 3, 3);
INSERT INTO mata_kuliah (id, kode_matkul, nama_matkul, jumlah_sksk, prasyarat_sks, id_prodi, id_kurikulum) VALUES (353, 'MTK30087', 'Pengelolaan Data Besar', 3, 0, 3, 3);
INSERT INTO mata_kuliah (id, kode_matkul, nama_matkul, jumlah_sksk, prasyarat_sks, id_prodi, id_kurikulum) VALUES (354, 'MTK30088', 'Sistem Informasi Sumber Daya Manusia', 3, 0, 3, 3);
INSERT INTO mata_kuliah (id, kode_matkul, nama_matkul, jumlah_sksk, prasyarat_sks, id_prodi, id_kurikulum) VALUES (355, 'MTK30089', 'Manajemen Hubungan Pelanggan', 3, 0, 3, 3);
INSERT INTO mata_kuliah (id, kode_matkul, nama_matkul, jumlah_sksk, prasyarat_sks, id_prodi, id_kurikulum) VALUES (356, 'MTK30090', 'Manajemen Rantai Suplai', 3, 0, 3, 3);
INSERT INTO mata_kuliah (id, kode_matkul, nama_matkul, jumlah_sksk, prasyarat_sks, id_prodi, id_kurikulum) VALUES (357, 'MTK30091', 'Topik Khusus Bidang Minat Solusi Perusahaan', 3, 0, 3, 3);
INSERT INTO mata_kuliah (id, kode_matkul, nama_matkul, jumlah_sksk, prasyarat_sks, id_prodi, id_kurikulum) VALUES (358, 'MTK30092', 'Tugas Akhir', 6, 0, 3, 3);
INSERT INTO mata_kuliah (id, kode_matkul, nama_matkul, jumlah_sksk, prasyarat_sks, id_prodi, id_kurikulum) VALUES (359, 'MTK30093', 'Basis Data Lanjut', 3, 0, 3, 3);
INSERT INTO mata_kuliah (id, kode_matkul, nama_matkul, jumlah_sksk, prasyarat_sks, id_prodi, id_kurikulum) VALUES (360, 'MTK30094', 'Teknik Kompilator', 4, 0, 3, 3);
INSERT INTO mata_kuliah (id, kode_matkul, nama_matkul, jumlah_sksk, prasyarat_sks, id_prodi, id_kurikulum) VALUES (361, 'MTK30095', 'Grafika Komputer', 3, 0, 3, 3);
INSERT INTO mata_kuliah (id, kode_matkul, nama_matkul, jumlah_sksk, prasyarat_sks, id_prodi, id_kurikulum) VALUES (362, 'MTK30096', 'Kriptografi & Keamanan Informasi', 4, 0, 3, 3);
INSERT INTO mata_kuliah (id, kode_matkul, nama_matkul, jumlah_sksk, prasyarat_sks, id_prodi, id_kurikulum) VALUES (363, 'MTK30097', 'Layanan & Aplikasi Web', 3, 0, 3, 3);
INSERT INTO mata_kuliah (id, kode_matkul, nama_matkul, jumlah_sksk, prasyarat_sks, id_prodi, id_kurikulum) VALUES (364, 'MTK30098', 'Game Development', 3, 0, 3, 3);
INSERT INTO mata_kuliah (id, kode_matkul, nama_matkul, jumlah_sksk, prasyarat_sks, id_prodi, id_kurikulum) VALUES (365, 'MTK30099', 'Pemrograman Paralel', 4, 0, 3, 3);
INSERT INTO mata_kuliah (id, kode_matkul, nama_matkul, jumlah_sksk, prasyarat_sks, id_prodi, id_kurikulum) VALUES (366, 'MTK30100', 'Pemrograman Logika', 4, 0, 3, 3);
INSERT INTO mata_kuliah (id, kode_matkul, nama_matkul, jumlah_sksk, prasyarat_sks, id_prodi, id_kurikulum) VALUES (367, 'MTK30101', 'Penjaminan Mutu Perangkat Lunak', 4, 0, 3, 3);
INSERT INTO mata_kuliah (id, kode_matkul, nama_matkul, jumlah_sksk, prasyarat_sks, id_prodi, id_kurikulum) VALUES (368, 'MTK30102', 'Jejaring Semantik', 3, 0, 3, 3);
INSERT INTO mata_kuliah (id, kode_matkul, nama_matkul, jumlah_sksk, prasyarat_sks, id_prodi, id_kurikulum) VALUES (369, 'MTK30103', 'Metode Formal', 4, 0, 3, 3);
INSERT INTO mata_kuliah (id, kode_matkul, nama_matkul, jumlah_sksk, prasyarat_sks, id_prodi, id_kurikulum) VALUES (370, 'MTK30104', 'Penambangan Data', 3, 0, 3, 3);
INSERT INTO mata_kuliah (id, kode_matkul, nama_matkul, jumlah_sksk, prasyarat_sks, id_prodi, id_kurikulum) VALUES (371, 'MTK30105', 'Pemrograman Fungsional', 4, 0, 3, 3);
INSERT INTO mata_kuliah (id, kode_matkul, nama_matkul, jumlah_sksk, prasyarat_sks, id_prodi, id_kurikulum) VALUES (372, 'MTK30106', 'Pengajaran Berbantuan Komputer', 3, 0, 3, 3);
INSERT INTO mata_kuliah (id, kode_matkul, nama_matkul, jumlah_sksk, prasyarat_sks, id_prodi, id_kurikulum) VALUES (373, 'MTK30107', 'Topik Khusus Bidang Minat Teknologi Perangkat Lunak', 3, 0, 3, 3);
INSERT INTO mata_kuliah (id, kode_matkul, nama_matkul, jumlah_sksk, prasyarat_sks, id_prodi, id_kurikulum) VALUES (374, 'MTK30108', 'Pengolahan Citra', 3, 0, 3, 3);
INSERT INTO mata_kuliah (id, kode_matkul, nama_matkul, jumlah_sksk, prasyarat_sks, id_prodi, id_kurikulum) VALUES (375, 'MTK30109', 'Teori Informasi', 3, 0, 3, 3);
INSERT INTO mata_kuliah (id, kode_matkul, nama_matkul, jumlah_sksk, prasyarat_sks, id_prodi, id_kurikulum) VALUES (376, 'MTK30110', 'Pemelajaran Mesin', 3, 0, 3, 3);
INSERT INTO mata_kuliah (id, kode_matkul, nama_matkul, jumlah_sksk, prasyarat_sks, id_prodi, id_kurikulum) VALUES (377, 'MTK30111', 'Pengolahan Bahasa Manusia', 3, 0, 3, 3);
INSERT INTO mata_kuliah (id, kode_matkul, nama_matkul, jumlah_sksk, prasyarat_sks, id_prodi, id_kurikulum) VALUES (378, 'MTK30112', 'Perolehan Informasi', 3, 0, 3, 3);
INSERT INTO mata_kuliah (id, kode_matkul, nama_matkul, jumlah_sksk, prasyarat_sks, id_prodi, id_kurikulum) VALUES (379, 'MTK30113', 'Pengolahan Sinyal Dijital', 3, 0, 3, 3);
INSERT INTO mata_kuliah (id, kode_matkul, nama_matkul, jumlah_sksk, prasyarat_sks, id_prodi, id_kurikulum) VALUES (380, 'MTK30114', 'Sistem Informasi Geografis', 3, 0, 3, 3);
INSERT INTO mata_kuliah (id, kode_matkul, nama_matkul, jumlah_sksk, prasyarat_sks, id_prodi, id_kurikulum) VALUES (381, 'MTK30115', 'Pengolahan Multimedia', 3, 0, 3, 3);
INSERT INTO mata_kuliah (id, kode_matkul, nama_matkul, jumlah_sksk, prasyarat_sks, id_prodi, id_kurikulum) VALUES (382, 'MTK30116', 'Geometri Komputasional', 4, 0, 3, 3);
INSERT INTO mata_kuliah (id, kode_matkul, nama_matkul, jumlah_sksk, prasyarat_sks, id_prodi, id_kurikulum) VALUES (383, 'MTK30117', 'Pemodelan Geometris', 4, 0, 3, 3);
INSERT INTO mata_kuliah (id, kode_matkul, nama_matkul, jumlah_sksk, prasyarat_sks, id_prodi, id_kurikulum) VALUES (384, 'MTK30118', 'Topik Khusus Bidang Minat Pengolahan Informasi Multimedia', 3, 0, 3, 3);
INSERT INTO mata_kuliah (id, kode_matkul, nama_matkul, jumlah_sksk, prasyarat_sks, id_prodi, id_kurikulum) VALUES (385, 'MTK30119', 'Sistem Tertanam', 3, 0, 3, 3);
INSERT INTO mata_kuliah (id, kode_matkul, nama_matkul, jumlah_sksk, prasyarat_sks, id_prodi, id_kurikulum) VALUES (386, 'MTK30120', 'Organisasi Sistem Komputer', 3, 0, 3, 3);
INSERT INTO mata_kuliah (id, kode_matkul, nama_matkul, jumlah_sksk, prasyarat_sks, id_prodi, id_kurikulum) VALUES (387, 'MTK30121', 'Simulasi & Pemodelan', 2, 0, 3, 3);
INSERT INTO mata_kuliah (id, kode_matkul, nama_matkul, jumlah_sksk, prasyarat_sks, id_prodi, id_kurikulum) VALUES (388, 'MTK30122', 'Sistem Terdistribusi', 2, 0, 3, 3);
INSERT INTO mata_kuliah (id, kode_matkul, nama_matkul, jumlah_sksk, prasyarat_sks, id_prodi, id_kurikulum) VALUES (389, 'MTK30123', 'Ubiquitous & Net-Centric Computing', 3, 0, 3, 3);
INSERT INTO mata_kuliah (id, kode_matkul, nama_matkul, jumlah_sksk, prasyarat_sks, id_prodi, id_kurikulum) VALUES (390, 'MTK30124', 'Robotika', 3, 0, 3, 3);
INSERT INTO mata_kuliah (id, kode_matkul, nama_matkul, jumlah_sksk, prasyarat_sks, id_prodi, id_kurikulum) VALUES (391, 'MTK30125', 'Rancangan Sistem Dijital', 3, 0, 3, 3);
INSERT INTO mata_kuliah (id, kode_matkul, nama_matkul, jumlah_sksk, prasyarat_sks, id_prodi, id_kurikulum) VALUES (392, 'MTK30126', 'Topik Khusus Bidang Minat Arsitektur & Infrastruktur', 3, 0, 3, 3);
INSERT INTO mata_kuliah (id, kode_matkul, nama_matkul, jumlah_sksk, prasyarat_sks, id_prodi, id_kurikulum) VALUES (393, 'MTK30127', 'Bioinformatika', 2, 0, 3, 3);
INSERT INTO mata_kuliah (id, kode_matkul, nama_matkul, jumlah_sksk, prasyarat_sks, id_prodi, id_kurikulum) VALUES (394, 'MTK30128', 'Persamaan Diferensial', 3, 0, 3, 3);
INSERT INTO mata_kuliah (id, kode_matkul, nama_matkul, jumlah_sksk, prasyarat_sks, id_prodi, id_kurikulum) VALUES (395, 'MTK30129', 'Aproksimasi Sistem Nonlinier', 4, 0, 3, 3);
INSERT INTO mata_kuliah (id, kode_matkul, nama_matkul, jumlah_sksk, prasyarat_sks, id_prodi, id_kurikulum) VALUES (396, 'MTK30130', 'Komputasi Lunak', 3, 0, 3, 3);
INSERT INTO mata_kuliah (id, kode_matkul, nama_matkul, jumlah_sksk, prasyarat_sks, id_prodi, id_kurikulum) VALUES (397, 'MTK30131', 'Logika Komputasional', 3, 0, 3, 3);
INSERT INTO mata_kuliah (id, kode_matkul, nama_matkul, jumlah_sksk, prasyarat_sks, id_prodi, id_kurikulum) VALUES (398, 'MTK30132', 'Aljabar Linier Numerik', 3, 0, 3, 3);
INSERT INTO mata_kuliah (id, kode_matkul, nama_matkul, jumlah_sksk, prasyarat_sks, id_prodi, id_kurikulum) VALUES (399, 'MTK30133', 'Topik Khusus Bidang Minat Kecerdasan Komputasional', 3, 0, 3, 3);

/* PRASYARAT_MATA_KULIAH */
INSERT INTO prasyarat_mata_kuliah (id, id_matkul, id_prasyarat_matkul) VALUES (1, 33, 31);
INSERT INTO prasyarat_mata_kuliah (id, id_matkul, id_prasyarat_matkul) VALUES (2, 34, 30);
INSERT INTO prasyarat_mata_kuliah (id, id_matkul, id_prasyarat_matkul) VALUES (3, 35, 31);
INSERT INTO prasyarat_mata_kuliah (id, id_matkul, id_prasyarat_matkul) VALUES (4, 36, 33);
INSERT INTO prasyarat_mata_kuliah (id, id_matkul, id_prasyarat_matkul) VALUES (5, 37, 28);
INSERT INTO prasyarat_mata_kuliah (id, id_matkul, id_prasyarat_matkul) VALUES (6, 38, 44);
INSERT INTO prasyarat_mata_kuliah (id, id_matkul, id_prasyarat_matkul) VALUES (7, 39, 33);
INSERT INTO prasyarat_mata_kuliah (id, id_matkul, id_prasyarat_matkul) VALUES (8, 40, 1);
INSERT INTO prasyarat_mata_kuliah (id, id_matkul, id_prasyarat_matkul) VALUES (9, 40, 2);
INSERT INTO prasyarat_mata_kuliah (id, id_matkul, id_prasyarat_matkul) VALUES (10, 47, 45);
INSERT INTO prasyarat_mata_kuliah (id, id_matkul, id_prasyarat_matkul) VALUES (11, 48, 45);
INSERT INTO prasyarat_mata_kuliah (id, id_matkul, id_prasyarat_matkul) VALUES (12, 49, 35);
INSERT INTO prasyarat_mata_kuliah (id, id_matkul, id_prasyarat_matkul) VALUES (13, 50, 39);
INSERT INTO prasyarat_mata_kuliah (id, id_matkul, id_prasyarat_matkul) VALUES (14, 50, 43);
INSERT INTO prasyarat_mata_kuliah (id, id_matkul, id_prasyarat_matkul) VALUES (15, 51, 35);
INSERT INTO prasyarat_mata_kuliah (id, id_matkul, id_prasyarat_matkul) VALUES (16, 51, 36);
INSERT INTO prasyarat_mata_kuliah (id, id_matkul, id_prasyarat_matkul) VALUES (17, 52, 43);
INSERT INTO prasyarat_mata_kuliah (id, id_matkul, id_prasyarat_matkul) VALUES (18, 52, 46);
INSERT INTO prasyarat_mata_kuliah (id, id_matkul, id_prasyarat_matkul) VALUES (19, 53, 29);
INSERT INTO prasyarat_mata_kuliah (id, id_matkul, id_prasyarat_matkul) VALUES (20, 53, 31);
INSERT INTO prasyarat_mata_kuliah (id, id_matkul, id_prasyarat_matkul) VALUES (21, 53, 38);
INSERT INTO prasyarat_mata_kuliah (id, id_matkul, id_prasyarat_matkul) VALUES (22, 54, 49);
INSERT INTO prasyarat_mata_kuliah (id, id_matkul, id_prasyarat_matkul) VALUES (23, 54, 50);
INSERT INTO prasyarat_mata_kuliah (id, id_matkul, id_prasyarat_matkul) VALUES (24, 54, 52);
INSERT INTO prasyarat_mata_kuliah (id, id_matkul, id_prasyarat_matkul) VALUES (25, 56, 37);
INSERT INTO prasyarat_mata_kuliah (id, id_matkul, id_prasyarat_matkul) VALUES (26, 57, 43);
INSERT INTO prasyarat_mata_kuliah (id, id_matkul, id_prasyarat_matkul) VALUES (27, 57, 46);

/* MATA_KULIAH_KURIKULUM */
INSERT INTO mata_kuliah_kurikulum (id, id_kurikulum, id_matkul, status_matkul, term) VALUES (1, 1, 2, 'Wajib UI', 1);
INSERT INTO mata_kuliah_kurikulum (id, id_kurikulum, id_matkul, status_matkul, term) VALUES (2, 1, 30, 'Wajib Fakultas', 1);
INSERT INTO mata_kuliah_kurikulum (id, id_kurikulum, id_matkul, status_matkul, term) VALUES (3, 1, 28, 'Wajib Rumpun', 1);
INSERT INTO mata_kuliah_kurikulum (id, id_kurikulum, id_matkul, status_matkul, term) VALUES (4, 1, 31, 'Wajib Fakultas', 1);
INSERT INTO mata_kuliah_kurikulum (id, id_kurikulum, id_matkul, status_matkul, term) VALUES (5, 1, 10, 'Wajib UI', 1);
INSERT INTO mata_kuliah_kurikulum (id, id_kurikulum, id_matkul, status_matkul, term) VALUES (6, 1, 4, 'Wajib UI', 1);
INSERT INTO mata_kuliah_kurikulum (id, id_kurikulum, id_matkul, status_matkul, term) VALUES (7, 1, 1, 'Wajib UI', 2);
INSERT INTO mata_kuliah_kurikulum (id, id_kurikulum, id_matkul, status_matkul, term) VALUES (8, 1, 33, 'Wajib Fakultas', 2);
INSERT INTO mata_kuliah_kurikulum (id, id_kurikulum, id_matkul, status_matkul, term) VALUES (9, 1, 32, 'Wajib Fakultas', 2);
INSERT INTO mata_kuliah_kurikulum (id, id_kurikulum, id_matkul, status_matkul, term) VALUES (10, 1, 44, 'Wajib Prodi', 2);
INSERT INTO mata_kuliah_kurikulum (id, id_kurikulum, id_matkul, status_matkul, term) VALUES (11, 1, 3, 'Wajib UI', 2);
INSERT INTO mata_kuliah_kurikulum (id, id_kurikulum, id_matkul, status_matkul, term) VALUES (12, 1, 29, 'Wajib Rumpun', 3);
INSERT INTO mata_kuliah_kurikulum (id, id_kurikulum, id_matkul, status_matkul, term) VALUES (13, 1, 34, 'Wajib Fakultas', 3);
INSERT INTO mata_kuliah_kurikulum (id, id_kurikulum, id_matkul, status_matkul, term) VALUES (14, 1, 35, 'Wajib Fakultas', 3);
INSERT INTO mata_kuliah_kurikulum (id, id_kurikulum, id_matkul, status_matkul, term) VALUES (15, 1, 36, 'Wajib Fakultas', 3);
INSERT INTO mata_kuliah_kurikulum (id, id_kurikulum, id_matkul, status_matkul, term) VALUES (16, 1, 45, 'Wajib Prodi', 3);
INSERT INTO mata_kuliah_kurikulum (id, id_kurikulum, id_matkul, status_matkul, term) VALUES (17, 1, 43, 'Wajib Prodi', 3);
INSERT INTO mata_kuliah_kurikulum (id, id_kurikulum, id_matkul, status_matkul, term) VALUES (18, 1, 46, 'Wajib Prodi', 4);
INSERT INTO mata_kuliah_kurikulum (id, id_kurikulum, id_matkul, status_matkul, term) VALUES (19, 1, 39, 'Wajib Fakultas', 4);
INSERT INTO mata_kuliah_kurikulum (id, id_kurikulum, id_matkul, status_matkul, term) VALUES (20, 1, 37, 'Wajib Fakultas', 4);
INSERT INTO mata_kuliah_kurikulum (id, id_kurikulum, id_matkul, status_matkul, term) VALUES (21, 1, 38, 'Wajib Fakultas', 4);
INSERT INTO mata_kuliah_kurikulum (id, id_kurikulum, id_matkul, status_matkul, term) VALUES (22, 1, 47, 'Wajib Fakultas', 4);
INSERT INTO mata_kuliah_kurikulum (id, id_kurikulum, id_matkul, status_matkul, term) VALUES (23, 1, 48, 'Wajib Fakultas', 4);
INSERT INTO mata_kuliah_kurikulum (id, id_kurikulum, id_matkul, status_matkul, term) VALUES (24, 1, 49, 'Wajib Prodi', 5);
INSERT INTO mata_kuliah_kurikulum (id, id_kurikulum, id_matkul, status_matkul, term) VALUES (25, 1, 50, 'Wajib Prodi', 5);
INSERT INTO mata_kuliah_kurikulum (id, id_kurikulum, id_matkul, status_matkul, term) VALUES (26, 1, 51, 'Wajib Prodi', 5);
INSERT INTO mata_kuliah_kurikulum (id, id_kurikulum, id_matkul, status_matkul, term) VALUES (27, 1, 52, 'Wajib Prodi', 5);
INSERT INTO mata_kuliah_kurikulum (id, id_kurikulum, id_matkul, status_matkul, term) VALUES (28, 1, 53, 'Wajib Prodi', 5);
INSERT INTO mata_kuliah_kurikulum (id, id_kurikulum, id_matkul, status_matkul, term) VALUES (29, 1, 40, 'Wajib Prodi', 6);
INSERT INTO mata_kuliah_kurikulum (id, id_kurikulum, id_matkul, status_matkul, term) VALUES (30, 1, 54, 'Wajib Prodi', 6);
INSERT INTO mata_kuliah_kurikulum (id, id_kurikulum, id_matkul, status_matkul, term) VALUES (31, 1, 55, 'Wajib Prodi', 6);
INSERT INTO mata_kuliah_kurikulum (id, id_kurikulum, id_matkul, status_matkul, term) VALUES (32, 1, 56, 'Wajib Prodi', 6);
INSERT INTO mata_kuliah_kurikulum (id, id_kurikulum, id_matkul, status_matkul, term) VALUES (33, 1, 41, 'Wajib Fakultas', 7);
INSERT INTO mata_kuliah_kurikulum (id, id_kurikulum, id_matkul, status_matkul, term) VALUES (34, 1, 57, 'Wajib Prodi', 7);
INSERT INTO mata_kuliah_kurikulum (id, id_kurikulum, id_matkul, status_matkul, term) VALUES (35, 1, 42, 'Wajib Fakultas', 8);
INSERT INTO mata_kuliah_kurikulum (id, id_kurikulum, id_matkul, status_matkul, term) VALUES (36, 1, 71, 'Peminatan', 0);
INSERT INTO mata_kuliah_kurikulum (id, id_kurikulum, id_matkul, status_matkul, term) VALUES (37, 1, 72, 'Peminatan', 0);
INSERT INTO mata_kuliah_kurikulum (id, id_kurikulum, id_matkul, status_matkul, term) VALUES (38, 1, 73, 'Peminatan', 0);
INSERT INTO mata_kuliah_kurikulum (id, id_kurikulum, id_matkul, status_matkul, term) VALUES (39, 1, 74, 'Peminatan', 0);
INSERT INTO mata_kuliah_kurikulum (id, id_kurikulum, id_matkul, status_matkul, term) VALUES (40, 1, 75, 'Peminatan', 0);
INSERT INTO mata_kuliah_kurikulum (id, id_kurikulum, id_matkul, status_matkul, term) VALUES (41, 1, 76, 'Peminatan', 0);
INSERT INTO mata_kuliah_kurikulum (id, id_kurikulum, id_matkul, status_matkul, term) VALUES (42, 1, 77, 'Peminatan', 0);
INSERT INTO mata_kuliah_kurikulum (id, id_kurikulum, id_matkul, status_matkul, term) VALUES (43, 1, 78, 'Peminatan', 0);
INSERT INTO mata_kuliah_kurikulum (id, id_kurikulum, id_matkul, status_matkul, term) VALUES (44, 1, 79, 'Peminatan', 0);
INSERT INTO mata_kuliah_kurikulum (id, id_kurikulum, id_matkul, status_matkul, term) VALUES (45, 1, 80, 'Peminatan', 0);
INSERT INTO mata_kuliah_kurikulum (id, id_kurikulum, id_matkul, status_matkul, term) VALUES (46, 1, 81, 'Peminatan', 0);
INSERT INTO mata_kuliah_kurikulum (id, id_kurikulum, id_matkul, status_matkul, term) VALUES (47, 1, 82, 'Peminatan', 0);
INSERT INTO mata_kuliah_kurikulum (id, id_kurikulum, id_matkul, status_matkul, term) VALUES (48, 1, 83, 'Peminatan', 0);
INSERT INTO mata_kuliah_kurikulum (id, id_kurikulum, id_matkul, status_matkul, term) VALUES (49, 1, 84, 'Peminatan', 0);
INSERT INTO mata_kuliah_kurikulum (id, id_kurikulum, id_matkul, status_matkul, term) VALUES (50, 1, 85, 'Peminatan', 0);
INSERT INTO mata_kuliah_kurikulum (id, id_kurikulum, id_matkul, status_matkul, term) VALUES (51, 1, 86, 'Peminatan', 0);
INSERT INTO mata_kuliah_kurikulum (id, id_kurikulum, id_matkul, status_matkul, term) VALUES (52, 1, 87, 'Peminatan', 0);
INSERT INTO mata_kuliah_kurikulum (id, id_kurikulum, id_matkul, status_matkul, term) VALUES (53, 1, 88, 'Peminatan', 0);
INSERT INTO mata_kuliah_kurikulum (id, id_kurikulum, id_matkul, status_matkul, term) VALUES (54, 1, 89, 'Peminatan', 0);
INSERT INTO mata_kuliah_kurikulum (id, id_kurikulum, id_matkul, status_matkul, term) VALUES (55, 1, 90, 'Peminatan', 0);
INSERT INTO mata_kuliah_kurikulum (id, id_kurikulum, id_matkul, status_matkul, term) VALUES (56, 1, 91, 'Peminatan', 0);
INSERT INTO mata_kuliah_kurikulum (id, id_kurikulum, id_matkul, status_matkul, term) VALUES (57, 1, 92, 'Peminatan', 0);
INSERT INTO mata_kuliah_kurikulum (id, id_kurikulum, id_matkul, status_matkul, term) VALUES (58, 1, 93, 'Peminatan', 0);
INSERT INTO mata_kuliah_kurikulum (id, id_kurikulum, id_matkul, status_matkul, term) VALUES (59, 1, 94, 'Peminatan', 0);
INSERT INTO mata_kuliah_kurikulum (id, id_kurikulum, id_matkul, status_matkul, term) VALUES (60, 1, 95, 'Peminatan', 0);
INSERT INTO mata_kuliah_kurikulum (id, id_kurikulum, id_matkul, status_matkul, term) VALUES (61, 1, 96, 'Peminatan', 0);
INSERT INTO mata_kuliah_kurikulum (id, id_kurikulum, id_matkul, status_matkul, term) VALUES (62, 1, 97, 'Peminatan', 0);
INSERT INTO mata_kuliah_kurikulum (id, id_kurikulum, id_matkul, status_matkul, term) VALUES (63, 1, 98, 'Peminatan', 0);
INSERT INTO mata_kuliah_kurikulum (id, id_kurikulum, id_matkul, status_matkul, term) VALUES (64, 1, 99, 'Peminatan', 0);
INSERT INTO mata_kuliah_kurikulum (id, id_kurikulum, id_matkul, status_matkul, term) VALUES (65, 1, 100, 'Peminatan', 0);
INSERT INTO mata_kuliah_kurikulum (id, id_kurikulum, id_matkul, status_matkul, term) VALUES (66, 1, 101, 'Peminatan', 0);
INSERT INTO mata_kuliah_kurikulum (id, id_kurikulum, id_matkul, status_matkul, term) VALUES (67, 1, 102, 'Peminatan', 0);
INSERT INTO mata_kuliah_kurikulum (id, id_kurikulum, id_matkul, status_matkul, term) VALUES (68, 1, 103, 'Peminatan', 0);
INSERT INTO mata_kuliah_kurikulum (id, id_kurikulum, id_matkul, status_matkul, term) VALUES (69, 1, 104, 'Peminatan', 0);
INSERT INTO mata_kuliah_kurikulum (id, id_kurikulum, id_matkul, status_matkul, term) VALUES (70, 1, 105, 'Peminatan', 0);
INSERT INTO mata_kuliah_kurikulum (id, id_kurikulum, id_matkul, status_matkul, term) VALUES (71, 1, 106, 'Peminatan', 0);

/* ROLES */
INSERT INTO roles (id, nama_role) VALUES (1,'ROLE_KAPRODI');
INSERT INTO roles (id, nama_role) VALUES (2,'ROLE_SEKRE');
INSERT INTO roles (id, nama_role) VALUES (3,'ROLE_DOSEN');
INSERT INTO roles (id, nama_role) VALUES (4,'ROLE_MAHASISWA');

/* USERS */
INSERT INTO users (id, username, password, nama, id_role) values (1, 'kaprodi1', 'kaprodi', 'Faisal Rizky', 1, );
INSERT INTO users (id, username, password, nama, id_role) values (2, 'kaprodi2', 'kaprodi', 'Radhitya Rahman', 1, );
INSERT INTO users (id, username, password, nama, id_role) values (3, 'kaprodi3', 'kaprodi', 'Aditya Putra', 1, );
INSERT INTO users (id, username, password, nama, id_role) values (4, 'sekre', 'sekre', 'Kurniawan Bahari', 2, );
INSERT INTO users (id, username, password, nama, id_role) values (5, 'dosen', 'dosen', 'Muhammad Panji', 3, );
INSERT INTO users (id, username, password, nama, id_role) values (6, 'mahasiswa', 'mahasiswa', 'Junior Aji', 4, );

